target_variable,target_class,target_class_label,layer,name,importance,explainer
Erlotinib,0,,all,TNFRSF17,0.00016854832066799072,IntegratedGradients
Erlotinib,0,,all,SOX10,0.00021496473259414192,IntegratedGradients
Erlotinib,0,,all,IKZF1,0.00015845442030603803,IntegratedGradients
Erlotinib,0,,all,BTK,0.00026243377610057667,IntegratedGradients
Erlotinib,0,,all,VPREB3,9.828545588115045e-05,IntegratedGradients
Erlotinib,0,,all,YAP1,0.0003946285425360431,IntegratedGradients
Erlotinib,0,,all,MLANA,0.0001845953912474489,IntegratedGradients
Erlotinib,0,,all,MZB1,0.00012854184160479752,IntegratedGradients
Erlotinib,0,,all,KLF1,0.00016342301646913045,IntegratedGradients
Erlotinib,0,,all,GRHL2,0.0003483625950314207,IntegratedGradients
Erlotinib,0,,all,SPIB,0.00036466482630390914,IntegratedGradients
Erlotinib,0,,all,PHOX2A,0.00014756844710822614,IntegratedGradients
Erlotinib,0,,all,FXYD3,0.0002423438624990333,IntegratedGradients
Erlotinib,0,,all,CCN1,0.0010417353551649593,IntegratedGradients
Erlotinib,0,,all,MYB,0.000582309933642924,IntegratedGradients
Erlotinib,0,,all,RHOH,0.00029812310531994717,IntegratedGradients
Erlotinib,0,,all,LGALS4,0.0002559871785064016,IntegratedGradients
Erlotinib,0,,all,GNG12,0.00046430886228286905,IntegratedGradients
Erlotinib,0,,all,CD52,0.0002373284006012359,IntegratedGradients
Erlotinib,0,,all,INSM1,0.00028701368588162035,IntegratedGradients
Erlotinib,0,,all,GJB3,0.00023193671701238495,IntegratedGradients
Erlotinib,0,,all,CXorf21,0.00019899815660675714,IntegratedGradients
Erlotinib,0,,all,AZU1,8.227525680058818e-05,IntegratedGradients
Erlotinib,0,,all,CHGA,0.00022261839197765306,IntegratedGradients
Erlotinib,0,,all,ASCL1,9.51027699319218e-05,IntegratedGradients
Erlotinib,0,,all,AXL,0.0008128388976996876,IntegratedGradients
Erlotinib,0,,all,LYZ,0.0004346529959572361,IntegratedGradients
Erlotinib,0,,all,ITGA3,0.00035368036104422456,IntegratedGradients
Erlotinib,0,,all,WWTR1,0.0002839244655973278,IntegratedGradients
Erlotinib,0,,all,TPM1,0.00026188504074595924,IntegratedGradients
Erlotinib,0,,all,LLGL2,0.00021906888460218043,IntegratedGradients
Erlotinib,0,,all,IFFO1,0.0002098685199742929,IntegratedGradients
Erlotinib,0,,all,SDC4,0.00046533183271410924,IntegratedGradients
Erlotinib,0,,all,MST1R,0.0001945600402699439,IntegratedGradients
Erlotinib,0,,all,MAP7,0.000262831817139232,IntegratedGradients
Erlotinib,0,,all,PRR15L,0.00021998079205315922,IntegratedGradients
Erlotinib,0,,all,MPZL2,0.0003625751447136428,IntegratedGradients
Erlotinib,0,,all,ELAVL3,0.0002894352298387947,IntegratedGradients
Erlotinib,0,,all,HOOK1,0.0002935019714446644,IntegratedGradients
Erlotinib,0,,all,AGR2,0.0005996691266498812,IntegratedGradients
Erlotinib,0,,all,WIPF1,0.0003233423292737517,IntegratedGradients
Erlotinib,0,,all,ZEB1,0.00036229777478071146,IntegratedGradients
Erlotinib,0,,all,GFI1B,0.00024686385841217234,IntegratedGradients
Erlotinib,0,,all,CAV1,0.00029880011903837415,IntegratedGradients
Erlotinib,0,,all,VPREB1,0.0004019772556239825,IntegratedGradients
Erlotinib,0,,all,SYDE1,0.0004617929617844843,IntegratedGradients
Erlotinib,0,,all,KLF5,0.0007187760134621537,IntegratedGradients
Erlotinib,0,,all,LAD1,0.00043268588234736215,IntegratedGradients
Erlotinib,0,,all,RASGRP2,0.0006055478619322074,IntegratedGradients
Erlotinib,0,,all,DNTT,0.00013110787204549546,IntegratedGradients
Erlotinib,0,,all,FOSL1,0.0002875925666189919,IntegratedGradients
Erlotinib,0,,all,LCP2,0.00022798041775912552,IntegratedGradients
Erlotinib,0,,all,DDR1,0.00030224149650803886,IntegratedGradients
Erlotinib,0,,all,RND3,0.00016573946181680778,IntegratedGradients
Erlotinib,0,,all,LAIR1,0.00045320477194821853,IntegratedGradients
Erlotinib,0,,all,PIM2,0.00021725890413683727,IntegratedGradients
Erlotinib,0,,all,GPX2,0.0003720526789145734,IntegratedGradients
Erlotinib,0,,all,ELF3,0.0006599819751716386,IntegratedGradients
Erlotinib,0,,all,ARHGAP25,0.0002305243202072476,IntegratedGradients
Erlotinib,0,,all,TEAD1,0.0008629264488523022,IntegratedGradients
Erlotinib,0,,all,SFN,0.0006541081893386296,IntegratedGradients
Erlotinib,0,,all,DSP,0.00038461662262640774,IntegratedGradients
Erlotinib,0,,all,FLI1,0.0003542207695790949,IntegratedGradients
Erlotinib,0,,all,S100A2,0.0012169682534694094,IntegratedGradients
Erlotinib,0,,all,LMNA,0.00016224799286646658,IntegratedGradients
Erlotinib,0,,all,F11R,0.0005132759404344931,IntegratedGradients
Erlotinib,0,,all,CALD1,0.00022392287598290466,IntegratedGradients
Erlotinib,0,,all,TSPAN6,0.0006003341615839615,IntegratedGradients
Erlotinib,0,,all,CYTIP,0.0005087224561509537,IntegratedGradients
Erlotinib,0,,all,BLNK,0.00032530272328968734,IntegratedGradients
Erlotinib,0,,all,LOXL2,0.0001839477324673933,IntegratedGradients
Erlotinib,0,,all,TSPAN1,0.0003113659007660752,IntegratedGradients
Erlotinib,0,,all,CTBP2,0.0006239964942051033,IntegratedGradients
Erlotinib,0,,all,APBB1IP,0.0002605318284803432,IntegratedGradients
Erlotinib,0,,all,SH2D3A,0.00020212757237497684,IntegratedGradients
Erlotinib,0,,all,PDGFRB,0.0004018654750655722,IntegratedGradients
Erlotinib,0,,all,ATP1B1,0.00030535716826368784,IntegratedGradients
Erlotinib,0,,all,CTSL,0.00035818541075878545,IntegratedGradients
Erlotinib,0,,all,GPR87,0.0010050759231437175,IntegratedGradients
Erlotinib,0,,all,ATP2A3,0.0002923012218304274,IntegratedGradients
Erlotinib,0,,all,LY86,0.0004323531202922327,IntegratedGradients
Erlotinib,0,,all,ANXA1,0.0003933325287227818,IntegratedGradients
Erlotinib,0,,all,OSMR,0.00032894956748879346,IntegratedGradients
Erlotinib,0,,all,PPL,0.0013861992244574126,IntegratedGradients
Erlotinib,0,,all,LSR,0.00023018896174588469,IntegratedGradients
Erlotinib,0,,all,EMP3,0.0005992297429345311,IntegratedGradients
Erlotinib,0,,all,POU2F2,0.0003639429499651525,IntegratedGradients
Erlotinib,0,,all,S100P,0.0005104039954506219,IntegratedGradients
Erlotinib,0,,all,LAMB1,0.0005156889420263732,IntegratedGradients
Erlotinib,0,,all,CAP2,0.0006345525291098804,IntegratedGradients
Erlotinib,0,,all,PARVA,0.00078400232881033,IntegratedGradients
Erlotinib,0,,all,GPRC5A,0.000585481549456305,IntegratedGradients
Erlotinib,0,,all,ZEB2,0.00021435437543687916,IntegratedGradients
Erlotinib,0,,all,SAMSN1,0.0004856609188583099,IntegratedGradients
Erlotinib,0,,all,PLCG2,0.0003002974726553083,IntegratedGradients
Erlotinib,0,,all,CD3E,0.0004577580905612537,IntegratedGradients
Erlotinib,0,,all,TFF3,0.00021927890740912356,IntegratedGradients
Erlotinib,0,,all,RBM47,0.000810867312162995,IntegratedGradients
Erlotinib,0,,all,LAPTM5,0.0002606129001876728,IntegratedGradients
Erlotinib,0,,all,CCDC69,0.000580565823457504,IntegratedGradients
Erlotinib,0,,all,DDR2,0.0002239348099345208,IntegratedGradients
Erlotinib,0,,all,CDH3,0.0009357276828035225,IntegratedGradients
Erlotinib,0,,all,B3GNT3,0.0005244089769898725,IntegratedGradients
Erlotinib,0,,all,PAX8,0.00030865631908515146,IntegratedGradients
Erlotinib,0,,all,KRT19,0.00043792300772839334,IntegratedGradients
Erlotinib,0,,all,VIL1,0.0006537648750753078,IntegratedGradients
Erlotinib,0,,all,ANTXR1,0.0004356185991608664,IntegratedGradients
Erlotinib,0,,all,IL2RG,0.00047420037857959945,IntegratedGradients
Erlotinib,0,,all,PRKCB,0.0002049505263795473,IntegratedGradients
Erlotinib,0,,all,SH3BP4,0.000430521264475576,IntegratedGradients
Erlotinib,0,,all,DDC,0.00018439379139583716,IntegratedGradients
Erlotinib,0,,all,RAG2,0.00019710365362311154,IntegratedGradients
Erlotinib,0,,all,KIRREL1,0.00040226212583872997,IntegratedGradients
Erlotinib,0,,all,EHD2,0.0008736679523546251,IntegratedGradients
Erlotinib,0,,all,CD3D,0.0005144728261679444,IntegratedGradients
Erlotinib,0,,all,JUP,0.00024124436199469515,IntegratedGradients
Erlotinib,0,,all,GPR35,0.0005928714505361246,IntegratedGradients
Erlotinib,0,,all,FAM114A1,0.0002835850458344021,IntegratedGradients
Erlotinib,0,,all,EGFR,0.0015113140231694023,IntegratedGradients
Erlotinib,0,,all,PERP,0.00022124311157083805,IntegratedGradients
Erlotinib,0,,all,PRSS23,0.0003733185454011237,IntegratedGradients
Erlotinib,0,,all,TGFBI,0.00022405706268408725,IntegratedGradients
Erlotinib,0,,all,SEPTIN10,0.0003920130564572865,IntegratedGradients
Erlotinib,0,,all,KRT6A,0.0006922422303112385,IntegratedGradients
Erlotinib,0,,all,DAPP1,0.0008908975460150736,IntegratedGradients
Erlotinib,0,,all,SPDEF,0.0006461913271641446,IntegratedGradients
Erlotinib,0,,all,TNFRSF1A,0.0002914477243961655,IntegratedGradients
Erlotinib,0,,all,FHL2,0.00042941950803821626,IntegratedGradients
Erlotinib,0,,all,HNF4A,0.0002496811540293423,IntegratedGradients
Erlotinib,0,,all,FERMT2,0.0005095539377438724,IntegratedGradients
Erlotinib,0,,all,APOA1,8.002286345080681e-05,IntegratedGradients
Erlotinib,0,,all,IGLL3P,0.00025929253141562423,IntegratedGradients
Erlotinib,0,,all,VIM,0.00030809016114077354,IntegratedGradients
Erlotinib,0,,all,ITGB4,0.0003514801346445571,IntegratedGradients
Erlotinib,0,,all,ELMO1,0.0005513962189581005,IntegratedGradients
Erlotinib,0,,all,ZAP70,0.0003598023613237745,IntegratedGradients
Erlotinib,0,,all,CTNND1,0.0005323031825569753,IntegratedGradients
Erlotinib,0,,all,RTL8C,0.00048204710281430334,IntegratedGradients
Erlotinib,0,,all,GYPC,0.00029618144305627647,IntegratedGradients
Erlotinib,0,,all,PLEKHA1,0.0002441982832144668,IntegratedGradients
Erlotinib,0,,all,TM4SF5,0.00010940231725410528,IntegratedGradients
Erlotinib,0,,all,EHF,0.00044644628636291355,IntegratedGradients
Erlotinib,0,,all,CLDN3,0.00046708107892933404,IntegratedGradients
Erlotinib,0,,all,LAPTM4B,0.0002465320707400854,IntegratedGradients
Erlotinib,0,,all,ARHGEF6,0.0003136487878749703,IntegratedGradients
Erlotinib,0,,all,LST1,0.00021803442680286644,IntegratedGradients
Erlotinib,0,,all,KCNC1,0.00017045836612624438,IntegratedGradients
Erlotinib,0,,all,PTPN6,0.00024569592406895925,IntegratedGradients
Erlotinib,0,,all,PPP1R16B,0.0003374552794673842,IntegratedGradients
Erlotinib,0,,all,ASAP2,0.0002537672643011582,IntegratedGradients
Erlotinib,0,,all,PTPRF,0.0007057858831027394,IntegratedGradients
Erlotinib,0,,all,TESPA1,0.00016174765025725137,IntegratedGradients
Erlotinib,0,,all,TACSTD2,0.00027786291473729695,IntegratedGradients
Erlotinib,0,,all,IRF8,0.00025076722850289113,IntegratedGradients
Erlotinib,0,,all,PLS1,0.0003995921086827075,IntegratedGradients
Erlotinib,0,,all,GJB5,0.001350887287363173,IntegratedGradients
Erlotinib,0,,all,BSPRY,0.000801680857174747,IntegratedGradients
Erlotinib,0,,all,PPIC,0.0003645119122579707,IntegratedGradients
Erlotinib,0,,all,FBN1,0.00044994377827910426,IntegratedGradients
Erlotinib,0,,all,CCR7,0.00024160085576772246,IntegratedGradients
Erlotinib,0,,all,TJP3,0.0004245574566531473,IntegratedGradients
Erlotinib,0,,all,DCBLD2,0.0002673911449021263,IntegratedGradients
Erlotinib,0,,all,CAPN2,0.0003622708946394684,IntegratedGradients
Erlotinib,0,,all,ACTN1,0.00018922617647360525,IntegratedGradients
Erlotinib,0,,all,CD38,0.0007444346990297049,IntegratedGradients
Erlotinib,0,,all,TINAGL1,0.0003290397879971933,IntegratedGradients
Erlotinib,0,,all,CNKSR1,0.00043630261373100976,IntegratedGradients
Erlotinib,0,,all,RRAS,0.0002312209646180155,IntegratedGradients
Erlotinib,0,,all,EPHA1,0.00033278900351964763,IntegratedGradients
Erlotinib,0,,all,LARP6,0.0006828567455334137,IntegratedGradients
Erlotinib,0,,all,VAV1,0.00028407496238966166,IntegratedGradients
Erlotinib,0,,all,COL6A2,0.00017914420819493577,IntegratedGradients
Erlotinib,0,,all,SPARC,0.0014263095360042524,IntegratedGradients
Erlotinib,0,,all,SERPINE1,0.00171721509818494,IntegratedGradients
Erlotinib,0,,all,SELPLG,0.0005232097576970405,IntegratedGradients
Erlotinib,0,,all,SGCD,0.00010728783554810983,IntegratedGradients
Erlotinib,0,,all,TSPAN8,0.0010921248831808614,IntegratedGradients
Erlotinib,0,,all,GPM6B,0.00017425183873516438,IntegratedGradients
Erlotinib,0,,all,COL1A1,0.00042013807101442635,IntegratedGradients
Erlotinib,0,,all,GALNT3,0.0002728216407824438,IntegratedGradients
Erlotinib,0,,all,IGLL1,0.00024714553023052766,IntegratedGradients
Erlotinib,0,,all,CD28,0.0002657744381406032,IntegratedGradients
Erlotinib,0,,all,CD86,0.00027750741635343694,IntegratedGradients
Erlotinib,0,,all,MNDA,0.00018600298955586246,IntegratedGradients
Erlotinib,0,,all,LAMB3,0.00026958965444075846,IntegratedGradients
Erlotinib,0,,all,ITGAL,0.00021609120962196406,IntegratedGradients
Erlotinib,0,,all,SNX7,0.00018788007539099135,IntegratedGradients
Erlotinib,0,,all,SIT1,0.0003817760627892591,IntegratedGradients
Erlotinib,0,,all,SERPINB5,0.0003581067175517494,IntegratedGradients
Erlotinib,0,,all,MUC13,0.0005837314689350844,IntegratedGradients
Erlotinib,0,,all,TMPRSS4,0.0004027143166170523,IntegratedGradients
Erlotinib,0,,all,GALNT11,0.00018420223846443904,IntegratedGradients
Erlotinib,0,,all,ITGB5,0.0004976001004233559,IntegratedGradients
Erlotinib,0,,all,PCSK1,0.00031403864095636106,IntegratedGradients
Erlotinib,0,,all,EPS8L2,0.0003753542817153069,IntegratedGradients
Erlotinib,0,,all,LCN2,0.0009580878739055857,IntegratedGradients
Erlotinib,0,,all,ATP2C2,0.0006821728271294645,IntegratedGradients
Erlotinib,0,,all,ADAP1,0.0003037175856887409,IntegratedGradients
Erlotinib,0,,all,IFI16,0.0007455099912524754,IntegratedGradients
Erlotinib,0,,all,VAMP8,0.00030045788221325694,IntegratedGradients
Erlotinib,0,,all,GATA3,0.0002997135161459914,IntegratedGradients
Erlotinib,0,,all,POU4F3,0.0006258359120718213,IntegratedGradients
Erlotinib,0,,all,SNAI2,0.0005474602403122341,IntegratedGradients
Erlotinib,0,,all,TCF4,0.00039745880476190875,IntegratedGradients
Erlotinib,0,,all,FERMT1,0.0006808997927483353,IntegratedGradients
Erlotinib,0,,all,SSH3,0.0005747407693665704,IntegratedGradients
Erlotinib,0,,all,ANXA3,0.0004694809584476032,IntegratedGradients
Erlotinib,0,,all,HCLS1,0.000433557720571701,IntegratedGradients
Erlotinib,0,,all,LSP1,0.00045810951356623907,IntegratedGradients
Erlotinib,0,,all,TOM1L1,0.00038876529939852855,IntegratedGradients
Erlotinib,0,,all,DKK3,0.0009925097550778311,IntegratedGradients
Erlotinib,0,,all,ITGA5,0.0004025067807728913,IntegratedGradients
Erlotinib,0,,all,EPPK1,0.00037095268254215785,IntegratedGradients
Erlotinib,0,,all,ANXA2P3,0.00036793755053090085,IntegratedGradients
Erlotinib,0,,all,HNF1B,0.00024890840435446186,IntegratedGradients
Erlotinib,0,,all,PLEK2,0.0004179451726475933,IntegratedGradients
Erlotinib,0,,all,ARHGEF5,0.00031364532106848184,IntegratedGradients
Erlotinib,0,,all,FOXA1,0.000269684918467078,IntegratedGradients
Erlotinib,0,,all,LAMB2,0.00036618550050263634,IntegratedGradients
Erlotinib,0,,all,AP1M2,0.00025898906703765434,IntegratedGradients
Erlotinib,0,,all,ELMO3,0.0005494850768521744,IntegratedGradients
Erlotinib,0,,all,DEF6,0.0002631493264250736,IntegratedGradients
Erlotinib,0,,all,DOCK2,0.00046761858319642675,IntegratedGradients
Erlotinib,0,,all,TIMP2,0.00030179875279298137,IntegratedGradients
Erlotinib,0,,all,FAT2,0.0004040502623960066,IntegratedGradients
Erlotinib,0,,all,COL5A1,0.0002773389746022892,IntegratedGradients
Erlotinib,0,,all,NUAK1,0.00046051985670914866,IntegratedGradients
Erlotinib,0,,all,SLC35D2,0.000987059536612164,IntegratedGradients
Erlotinib,0,,all,RIN2,0.0007800385525939051,IntegratedGradients
Erlotinib,0,,all,ITGA2,0.00043150304792870833,IntegratedGradients
Erlotinib,0,,all,EXPH5,0.00033228640254406714,IntegratedGradients
Erlotinib,0,,all,PTPN22,0.0002622014413521473,IntegratedGradients
Erlotinib,0,,all,PLS3,0.0003950737127253086,IntegratedGradients
Erlotinib,0,,all,FGFBP1,0.0007842965737630508,IntegratedGradients
Erlotinib,0,,all,NR3C1,0.0004783789314420379,IntegratedGradients
Erlotinib,0,,all,APOB,0.00017612151843029157,IntegratedGradients
Erlotinib,0,,all,SHTN1,0.0006629581556906711,IntegratedGradients
Erlotinib,0,,all,ARHGEF16,0.0006269376436637852,IntegratedGradients
Erlotinib,0,,all,RAI14,0.0002673676807897624,IntegratedGradients
Erlotinib,0,,all,KIF21B,0.0005544270992894079,IntegratedGradients
Erlotinib,0,,all,NNMT,0.00026768818298962245,IntegratedGradients
Erlotinib,0,,all,GPR18,0.00024973372152508477,IntegratedGradients
Erlotinib,0,,all,ANXA4,0.00026163672764670313,IntegratedGradients
Erlotinib,0,,all,LAMA5,0.00047406642044064756,IntegratedGradients
Erlotinib,0,,all,EFNA1,0.0006704325262258826,IntegratedGradients
Erlotinib,0,,all,PMP22,0.00030850714948863715,IntegratedGradients
Erlotinib,0,,all,RHOD,0.00027487530580481734,IntegratedGradients
Erlotinib,0,,all,MET,0.0006770531005165751,IntegratedGradients
Erlotinib,0,,all,CLEC2D,0.00018980028220015501,IntegratedGradients
Erlotinib,0,,all,CCN2,0.00033322244312739924,IntegratedGradients
Erlotinib,0,,all,PHLDA2,0.00044682002829542856,IntegratedGradients
Erlotinib,0,,all,RHOC,0.0006816477570478479,IntegratedGradients
Erlotinib,0,,all,F3,0.000312596889802071,IntegratedGradients
Erlotinib,0,,all,CCDC198,0.00026675232632912934,IntegratedGradients
Erlotinib,0,,all,P3H1,0.0006500139645302501,IntegratedGradients
Erlotinib,0,,all,IGFBP6,0.0007894596088709675,IntegratedGradients
Erlotinib,0,,all,CNN3,0.0003201971524202621,IntegratedGradients
Erlotinib,0,,all,CCDC88C,0.0005054535091587629,IntegratedGradients
Erlotinib,0,,all,PROX1,0.0005908637043090747,IntegratedGradients
Erlotinib,0,,all,SYK,0.0006544150225534576,IntegratedGradients
Erlotinib,0,,all,BCAR3,0.0005047451756448122,IntegratedGradients
Erlotinib,0,,all,PON2,0.0005056378581368803,IntegratedGradients
Erlotinib,0,,all,SLPI,0.00037805200508906966,IntegratedGradients
Erlotinib,0,,all,ZNF165,0.0005032201778354033,IntegratedGradients
Erlotinib,0,,all,LGALS3,0.000289173324417203,IntegratedGradients
Erlotinib,0,,all,TFF1,0.00018535464351818103,IntegratedGradients
Erlotinib,0,,all,GFRA2,0.0003548893740573592,IntegratedGradients
Erlotinib,0,,all,PXDC1,0.0006528395428398818,IntegratedGradients
Erlotinib,0,,all,CD63,0.00035676141130764114,IntegratedGradients
Erlotinib,0,,all,DAG1,0.0002163935650128119,IntegratedGradients
Erlotinib,0,,all,TUFT1,0.00031442893962922366,IntegratedGradients
Erlotinib,0,,all,CTTN,0.00025967194624722934,IntegratedGradients
Erlotinib,0,,all,TRIM29,0.00026244895304330663,IntegratedGradients
Erlotinib,0,,all,IL21R,0.00023918155444916866,IntegratedGradients
Erlotinib,0,,all,PDGFC,0.0002712584127294041,IntegratedGradients
Erlotinib,0,,all,MYL4,0.00015957607717835987,IntegratedGradients
Erlotinib,0,,all,CCND1,0.0006954097927388339,IntegratedGradients
Erlotinib,0,,all,GNA15,0.00033928854680146926,IntegratedGradients
Erlotinib,0,,all,E2F2,0.0005413661706267369,IntegratedGradients
Erlotinib,0,,all,NKG7,0.00048560767337532744,IntegratedGradients
Erlotinib,0,,all,SDC1,0.00036066768228500807,IntegratedGradients
Erlotinib,0,,all,BICC1,0.0009017613084888122,IntegratedGradients
Erlotinib,0,,all,MAPK13,0.0005337481254459214,IntegratedGradients
Erlotinib,0,,all,CLDN4,0.0009446300198235028,IntegratedGradients
Erlotinib,0,,all,FSTL1,0.0006214165248524991,IntegratedGradients
Erlotinib,0,,all,MIR22HG,0.00029056705486005626,IntegratedGradients
Erlotinib,0,,all,SEPTIN6,0.0007820530121140989,IntegratedGradients
Erlotinib,0,,all,A1CF,0.0006081699662967878,IntegratedGradients
Erlotinib,0,,all,FNDC3B,0.00034613810047515994,IntegratedGradients
Erlotinib,0,,all,MMP2,0.0005493863773917924,IntegratedGradients
Erlotinib,0,,all,S100A10,0.0005811471895448326,IntegratedGradients
Erlotinib,0,,all,PLK2,0.00023333959960120178,IntegratedGradients
Erlotinib,0,,all,CBFA2T3,0.00015275493104117513,IntegratedGradients
Erlotinib,0,,all,KDELR3,0.00038976474440003685,IntegratedGradients
Erlotinib,0,,all,CBLC,0.0006416510434880116,IntegratedGradients
Erlotinib,0,,all,ITGA4,0.0003724244201610723,IntegratedGradients
Erlotinib,0,,all,RBFOX2,0.00025902708534348754,IntegratedGradients
Erlotinib,0,,all,SLA,0.0002538456805071382,IntegratedGradients
Erlotinib,0,,all,AREG,0.0003750593001832647,IntegratedGradients
Erlotinib,0,,all,EVI2B,0.0002919249912148402,IntegratedGradients
Erlotinib,0,,all,CLDN1,0.0005567977196497841,IntegratedGradients
Erlotinib,0,,all,HEPH,0.0002764767039088359,IntegratedGradients
Erlotinib,0,,all,MYO1C,0.0004504205419364818,IntegratedGradients
Erlotinib,0,,all,CRY1,0.00022281367561195013,IntegratedGradients
Erlotinib,0,,all,GPSM3,0.0007135740810877818,IntegratedGradients
Erlotinib,0,,all,PTK2,0.0002818484147398437,IntegratedGradients
Erlotinib,0,,all,PHLDA1,0.0004795085373340792,IntegratedGradients
Erlotinib,0,,all,TGFB1I1,0.0004610230312963571,IntegratedGradients
Erlotinib,0,,all,LAMC2,0.0008247578786704948,IntegratedGradients
Erlotinib,0,,all,CSF2RB,0.0001954505178045106,IntegratedGradients
Erlotinib,0,,all,ITGAV,0.00019201208777357628,IntegratedGradients
Erlotinib,0,,all,SYT11,0.0007836529288786621,IntegratedGradients
Erlotinib,0,,all,BIN2,0.0005747626501203891,IntegratedGradients
Erlotinib,0,,all,PHACTR1,0.00026582610546005647,IntegratedGradients
Erlotinib,0,,all,AVPI1,0.00039330030295673204,IntegratedGradients
Erlotinib,0,,all,HRH1,0.0003995380075033336,IntegratedGradients
Erlotinib,0,,all,GPC1,0.0002030594629122025,IntegratedGradients
Erlotinib,0,,all,CARD10,0.00037726155320497065,IntegratedGradients
Erlotinib,0,,all,CHRNA3,0.00036138278842780724,IntegratedGradients
Erlotinib,0,,all,TMC5,0.00039104965470742107,IntegratedGradients
Erlotinib,0,,all,TM4SF1,0.0002850153115270366,IntegratedGradients
Erlotinib,0,,all,HGD,0.00028439378550442347,IntegratedGradients
Erlotinib,0,,all,POU2AF1,0.0011381475601576626,IntegratedGradients
Erlotinib,0,,all,KRT7,0.0010688906922215024,IntegratedGradients
Erlotinib,0,,all,IL10RA,0.0002797490198432991,IntegratedGradients
Erlotinib,0,,all,RAC2,0.0005489497198603199,IntegratedGradients
Erlotinib,0,,all,TENT5C,0.00028149835646848817,IntegratedGradients
Erlotinib,0,,all,TAX1BP3,0.00044988613406467926,IntegratedGradients
Erlotinib,0,,all,PTPRK,0.0005413186782297982,IntegratedGradients
Erlotinib,0,,all,MYO5C,0.00030127797428153514,IntegratedGradients
Erlotinib,0,,all,EPS8L1,0.00035695099437588754,IntegratedGradients
Erlotinib,0,,all,GNA11,0.0003262106065863352,IntegratedGradients
Erlotinib,0,,all,IL13RA1,0.00031306103405532936,IntegratedGradients
Erlotinib,0,,all,ARID5A,0.00031277157255603935,IntegratedGradients
Erlotinib,0,,all,RBMS2,0.0004867881046440733,IntegratedGradients
Erlotinib,0,,all,DDAH1,0.00028101437848753147,IntegratedGradients
Erlotinib,0,,all,FUT2,0.0003330724814119275,IntegratedGradients
Erlotinib,0,,all,NSG2,0.0002080940681849214,IntegratedGradients
Erlotinib,0,,all,IL18,0.0004939092830010814,IntegratedGradients
Erlotinib,0,,all,UPP1,0.00034065879631162675,IntegratedGradients
Erlotinib,0,,all,PRSS22,0.00033244434931842276,IntegratedGradients
Erlotinib,0,,all,OVOL1,0.0008122181359475004,IntegratedGradients
Erlotinib,0,,all,ARHGDIB,0.0005974178193123424,IntegratedGradients
Erlotinib,0,,all,KIF1A,0.00024133773575470802,IntegratedGradients
Erlotinib,0,,all,SCN3B,0.0006300242601645715,IntegratedGradients
Erlotinib,0,,all,GRB7,0.000392714720559005,IntegratedGradients
Erlotinib,0,,all,KIAA1324,0.0005572583761418814,IntegratedGradients
Erlotinib,0,,all,MVP,0.00020545367466649403,IntegratedGradients
Erlotinib,0,,all,SSBP2,0.0012171237970667694,IntegratedGradients
Erlotinib,0,,all,COL4A1,0.0004582897072549355,IntegratedGradients
Erlotinib,0,,all,NFE2,0.00052620107752007,IntegratedGradients
Erlotinib,0,,all,RNF43,0.0004619683628339845,IntegratedGradients
Erlotinib,0,,all,LCK,0.0001623631536148501,IntegratedGradients
Erlotinib,0,,all,SEMA4G,0.0002799476908608999,IntegratedGradients
Erlotinib,0,,all,DCN,0.00020825381736819585,IntegratedGradients
Erlotinib,0,,all,ATP8B4,0.0005028345746784247,IntegratedGradients
Erlotinib,0,,all,ASCL2,0.00018040621838730334,IntegratedGradients
Erlotinib,0,,all,LEF1,0.00019272799312718486,IntegratedGradients
Erlotinib,0,,all,ENAH,0.0003761690581375334,IntegratedGradients
Erlotinib,0,,all,CDX2,0.00020484038683424638,IntegratedGradients
Erlotinib,0,,all,ELF1,0.00026099943308275833,IntegratedGradients
Erlotinib,0,,all,SRPX,0.0001722103076031377,IntegratedGradients
Erlotinib,0,,all,ASPH,0.0001920018113583294,IntegratedGradients
Erlotinib,0,,all,LAX1,0.00030121622470235724,IntegratedGradients
Erlotinib,0,,all,TMBIM1,0.0002530381628580335,IntegratedGradients
Erlotinib,0,,all,LTA,0.0003827177551302319,IntegratedGradients
Erlotinib,0,,all,ITGB7,0.0002246252216445478,IntegratedGradients
Erlotinib,0,,all,FNBP1L,0.00016272681904586404,IntegratedGradients
Erlotinib,0,,all,KRT17,0.0003518807250962514,IntegratedGradients
Erlotinib,0,,all,SERPINB13,0.00042334895846877775,IntegratedGradients
Erlotinib,0,,all,CXCR4,0.0004976529973139589,IntegratedGradients
Erlotinib,0,,all,KCNH2,0.00020146580028239435,IntegratedGradients
Erlotinib,0,,all,GNG7,0.0002562811814466896,IntegratedGradients
Erlotinib,0,,all,PAX3,0.00016355823700366703,IntegratedGradients
Erlotinib,0,,all,ABCC3,0.00039012352850935724,IntegratedGradients
Erlotinib,0,,all,CD69,0.0003813844591468359,IntegratedGradients
Erlotinib,0,,all,HEG1,0.0008672375690930207,IntegratedGradients
Erlotinib,0,,all,SMAGP,0.0003179221495248182,IntegratedGradients
Erlotinib,0,,all,F2RL1,0.00042266620944069226,IntegratedGradients
Erlotinib,0,,all,MYO1F,0.00021042678403084396,IntegratedGradients
Erlotinib,0,,all,ADGRF1,0.0003688890871872999,IntegratedGradients
Erlotinib,0,,all,CALU,0.00023103647176725005,IntegratedGradients
Erlotinib,0,,all,GRP,0.0008001470853802203,IntegratedGradients
Erlotinib,0,,all,PIP5K1B,0.0006799274932580476,IntegratedGradients
Erlotinib,0,,all,PRRG2,0.0007207130370843493,IntegratedGradients
Erlotinib,0,,all,NT5E,0.0004395869338666377,IntegratedGradients
Erlotinib,0,,all,TPD52L1,0.0006698706931990622,IntegratedGradients
Erlotinib,0,,all,GRK2,0.00031159289044539344,IntegratedGradients
Erlotinib,0,,all,PAX5,0.0004712290895345103,IntegratedGradients
Erlotinib,0,,all,IL12RB1,0.0006610674446699664,IntegratedGradients
Erlotinib,0,,all,ALOX5AP,0.0002780104734065616,IntegratedGradients
Erlotinib,0,,all,ST8SIA4,0.0002544503738049606,IntegratedGradients
Erlotinib,0,,all,TCF3,0.000371734285781089,IntegratedGradients
Erlotinib,0,,all,PPP1R13L,0.0010921028884049969,IntegratedGradients
Erlotinib,0,,all,MAP1B,0.0009912362463397413,IntegratedGradients
Erlotinib,0,,all,FA2H,0.0005683878127791141,IntegratedGradients
Erlotinib,0,,all,ITGA6,0.0010155066012250379,IntegratedGradients
Erlotinib,0,,all,VEGFC,0.0002386527627052798,IntegratedGradients
Erlotinib,0,,all,PPARG,0.0005987749094895613,IntegratedGradients
Erlotinib,0,,all,TSPAN4,0.0002971757718611746,IntegratedGradients
Erlotinib,0,,all,MANSC1,0.00032387487469252266,IntegratedGradients
Erlotinib,0,,all,RBMS3,0.00023729227302079483,IntegratedGradients
Erlotinib,0,,all,RAB17,0.0003844668536810436,IntegratedGradients
Erlotinib,0,,all,MS4A3,0.0001831056371370473,IntegratedGradients
Erlotinib,0,,all,ADGRA2,0.000516516034652052,IntegratedGradients
Erlotinib,0,,all,ST8SIA3,0.00024795771530617387,IntegratedGradients
Erlotinib,0,,all,MYO1B,0.0004946979713153822,IntegratedGradients
Erlotinib,0,,all,PTK2B,0.00037300694162973187,IntegratedGradients
Erlotinib,0,,all,MICAL2,0.00046858465120358257,IntegratedGradients
Erlotinib,0,,all,MEF2C,0.0002517043979932675,IntegratedGradients
Erlotinib,0,,all,MYH14,0.0005378830958313224,IntegratedGradients
Erlotinib,0,,all,PPP2R3A,0.0003385948128659106,IntegratedGradients
Erlotinib,0,,all,SP100,0.0003793401518785141,IntegratedGradients
Erlotinib,0,,all,BACH2,0.0002578009832489371,IntegratedGradients
Erlotinib,0,,all,PIK3CD,0.00034335853529682617,IntegratedGradients
Erlotinib,0,,all,PNOC,0.0001491491022888356,IntegratedGradients
Erlotinib,0,,all,BACE1,0.000351963086771901,IntegratedGradients
Erlotinib,0,,all,ATP8B2,0.0003457273368813979,IntegratedGradients
Erlotinib,0,,all,EPB41,0.00037226051870514493,IntegratedGradients
Erlotinib,0,,all,CNTRL,0.0003340793527212882,IntegratedGradients
Erlotinib,0,,all,VGLL1,0.00035118490459524077,IntegratedGradients
Erlotinib,0,,all,LAMC1,0.0002153630277052927,IntegratedGradients
Erlotinib,0,,all,DSG3,0.000415175111692991,IntegratedGradients
Erlotinib,0,,all,PTK6,0.0008029672183791537,IntegratedGradients
Erlotinib,0,,all,RIMBP2,0.00044207753113775485,IntegratedGradients
Erlotinib,0,,all,COL17A1,0.0006617354770695027,IntegratedGradients
Erlotinib,0,,all,TSPAN15,0.0009248448094766928,IntegratedGradients
Erlotinib,0,,all,SDC2,0.0003351196317467883,IntegratedGradients
Erlotinib,0,,all,STK10,0.00046903650630512384,IntegratedGradients
Erlotinib,0,,all,LIMD2,0.0006506046907628663,IntegratedGradients
Erlotinib,0,,all,WWC2,0.00025369648830239096,IntegratedGradients
Erlotinib,0,,all,SNAP25,0.0005353977240284766,IntegratedGradients
Erlotinib,0,,all,RHEX,0.00026420634395721727,IntegratedGradients
Erlotinib,0,,all,S100A6,0.0009817765867076458,IntegratedGradients
Erlotinib,0,,all,TPST1,0.00021565424750857033,IntegratedGradients
Erlotinib,0,,all,CYP3A5,0.0006219604221865008,IntegratedGradients
Erlotinib,0,,all,SOX9,0.00045824345192163184,IntegratedGradients
Erlotinib,0,,all,ICA1,0.0013033475240377932,IntegratedGradients
Erlotinib,0,,all,OGN,0.00019382672202674143,IntegratedGradients
Erlotinib,0,,all,ICAM2,0.0006919181963904249,IntegratedGradients
Erlotinib,0,,all,RFTN1,0.0004857858087023025,IntegratedGradients
Erlotinib,0,,all,CD24,0.0009524787232810841,IntegratedGradients
Erlotinib,0,,all,PLAU,0.0002936706995233688,IntegratedGradients
Erlotinib,0,,all,CYFIP2,0.0002995549750504495,IntegratedGradients
Erlotinib,0,,all,PCSK2,0.00032636125022054687,IntegratedGradients
Erlotinib,0,,all,THBS1,0.00032217903115222324,IntegratedGradients
Erlotinib,0,,all,COL3A1,0.0006941052320635221,IntegratedGradients
Erlotinib,0,,all,FUT3,0.00047990428053963164,IntegratedGradients
Erlotinib,0,,all,WWC1,0.0004348206017396761,IntegratedGradients
Erlotinib,0,,all,MITF,0.0009555681439601914,IntegratedGradients
Erlotinib,0,,all,ACVR1,0.0002068381565908228,IntegratedGradients
Erlotinib,0,,all,ZCCHC24,0.00040085876411590334,IntegratedGradients
Erlotinib,0,,all,CLIP3,0.00038611151110985384,IntegratedGradients
Erlotinib,0,,all,S100A11,0.00020964651429847224,IntegratedGradients
Erlotinib,0,,all,PSD4,0.0003707292277846673,IntegratedGradients
Erlotinib,0,,all,SCGN,0.00025539490071933754,IntegratedGradients
Erlotinib,0,,all,CD74,0.0003400988554354615,IntegratedGradients
Erlotinib,0,,all,SH2B2,0.0003588550132644675,IntegratedGradients
Erlotinib,0,,all,PLAUR,0.0003898799289898606,IntegratedGradients
Erlotinib,0,,all,LPXN,0.00044948943116765016,IntegratedGradients
Erlotinib,0,,all,LGALS1,0.0007382827819693435,IntegratedGradients
Erlotinib,0,,all,CUEDC1,0.0006951652276803404,IntegratedGradients
Erlotinib,0,,all,PLOD2,0.0004732190171936068,IntegratedGradients
Erlotinib,0,,all,EPAS1,0.0005745638733629678,IntegratedGradients
Erlotinib,0,,all,CRMP1,0.00023067146288280175,IntegratedGradients
Erlotinib,0,,all,POF1B,0.0009147027482470303,IntegratedGradients
Erlotinib,0,,all,TMEM40,0.0002351486426680805,IntegratedGradients
Erlotinib,0,,all,TLX2,0.0002989386221687119,IntegratedGradients
Erlotinib,0,,all,PRRX1,0.0004628123376152315,IntegratedGradients
Erlotinib,0,,all,CEBPA,0.00021530916258692969,IntegratedGradients
Erlotinib,0,,all,LOX,0.0002618330620620103,IntegratedGradients
Erlotinib,0,,all,GAS2L1,0.0008538954591736944,IntegratedGradients
Erlotinib,0,,all,EPS8,0.00026637940069289495,IntegratedGradients
Erlotinib,0,,all,LMOD1,0.0001822759544192197,IntegratedGradients
Erlotinib,0,,all,AHNAK,0.0002056053606245114,IntegratedGradients
Erlotinib,0,,all,GSDME,0.0005909229351000359,IntegratedGradients
Erlotinib,0,,all,CD151,0.00030594073177982157,IntegratedGradients
Erlotinib,0,,all,PLEKHA6,0.0009320294748405557,IntegratedGradients
Erlotinib,0,,all,MLPH,0.0006816553327281999,IntegratedGradients
Erlotinib,0,,all,TUBB6,0.0008330811344228078,IntegratedGradients
Erlotinib,0,,all,GFI1,0.000311394850243062,IntegratedGradients
Erlotinib,0,,all,ALS2CL,0.0009606377809713337,IntegratedGradients
Erlotinib,0,,all,ETS1,0.0002031323571287209,IntegratedGradients
Erlotinib,0,,all,TP63,0.0002508223116057371,IntegratedGradients
Erlotinib,0,,all,GRAP,0.00019802730124068898,IntegratedGradients
Erlotinib,0,,all,PCOLCE,0.00042953912667806257,IntegratedGradients
Erlotinib,0,,all,ALK,0.00012841712116251196,IntegratedGradients
Erlotinib,0,,all,GPR176,0.0005391104984626653,IntegratedGradients
Erlotinib,0,,all,IL6ST,0.00034256983336275644,IntegratedGradients
Erlotinib,0,,all,PLAT,0.0003159662280143995,IntegratedGradients
Erlotinib,0,,all,HLA-E,0.00029423267248337434,IntegratedGradients
Erlotinib,0,,all,STAT5A,0.000713248757708492,IntegratedGradients
Erlotinib,0,,all,TYROBP,0.00012492124154268178,IntegratedGradients
Erlotinib,0,,all,KCNN3,0.0003143609163019539,IntegratedGradients
Erlotinib,0,,all,NECTIN2,0.0004218005922982006,IntegratedGradients
Erlotinib,0,,all,CDCP1,0.0005991935601616528,IntegratedGradients
Erlotinib,0,,all,ARHGAP32,0.0007805224861269903,IntegratedGradients
Erlotinib,0,,all,SH2B3,0.0004915321089719092,IntegratedGradients
Erlotinib,0,,all,CXADR,0.0007094149794938545,IntegratedGradients
Erlotinib,0,,all,DAAM2,0.00031597620220766564,IntegratedGradients
Erlotinib,0,,all,NOL4,0.00036745609240344297,IntegratedGradients
Erlotinib,0,,all,CD84,0.00032307204220999856,IntegratedGradients
Erlotinib,0,,all,THAP10,0.0009832472771402442,IntegratedGradients
Erlotinib,0,,all,BAG3,0.00019275376099886816,IntegratedGradients
Erlotinib,0,,all,NABP1,0.0006740845291764013,IntegratedGradients
Erlotinib,0,,all,SLC43A1,0.0007301106381671902,IntegratedGradients
Erlotinib,0,,all,EFEMP2,0.0003625237371356865,IntegratedGradients
Erlotinib,0,,all,LAPTM4A,0.0003681222407503706,IntegratedGradients
Erlotinib,0,,all,ADAM9,0.0006792055355315602,IntegratedGradients
Erlotinib,0,,all,PEA15,0.0010877613945001073,IntegratedGradients
Erlotinib,0,,all,CKAP4,0.00010943380650668311,IntegratedGradients
Erlotinib,0,,all,MPDZ,0.0009819502914974068,IntegratedGradients
Erlotinib,0,,all,GLIPR1,0.0006576155226108122,IntegratedGradients
Erlotinib,0,,all,FCGR2B,0.00024973077126010595,IntegratedGradients
Erlotinib,0,,all,AP1S2,0.0005008609561943162,IntegratedGradients
Erlotinib,0,,all,TBC1D2,0.0003369700501058485,IntegratedGradients
Erlotinib,0,,all,ERBB3,0.0008835784806288522,IntegratedGradients
Erlotinib,0,,all,CD247,0.00040381498218750766,IntegratedGradients
Erlotinib,0,,all,HPS4,0.00025399027024957744,IntegratedGradients
Erlotinib,0,,all,AP3B2,0.00020066481357028265,IntegratedGradients
Erlotinib,0,,all,ST6GALNAC2,0.00025871551188274774,IntegratedGradients
Erlotinib,0,,all,GPR65,0.00044360945846733086,IntegratedGradients
Erlotinib,0,,all,TMEM51,0.0002848584249514546,IntegratedGradients
Erlotinib,0,,all,ACSL5,0.0008616285748529074,IntegratedGradients
Erlotinib,0,,all,CD80,0.0004523992884799069,IntegratedGradients
Erlotinib,0,,all,TMEM158,0.0008936588426260688,IntegratedGradients
Erlotinib,0,,all,SLC37A1,0.0002723018157732987,IntegratedGradients
Erlotinib,0,,all,ITK,0.0003428242770055784,IntegratedGradients
Erlotinib,0,,all,SMARCA1,0.00027017522450944087,IntegratedGradients
Erlotinib,0,,all,GNG4,0.0006069178779296197,IntegratedGradients
Erlotinib,0,,all,CSPG4,0.0002533134171706544,IntegratedGradients
Erlotinib,0,,all,CLIP4,0.001185584587447768,IntegratedGradients
Erlotinib,0,,all,PKP2,0.0008192985272150008,IntegratedGradients
Erlotinib,0,,all,CDH2,0.0009156805165892974,IntegratedGradients
Erlotinib,0,,all,FZD5,0.0004084489248612969,IntegratedGradients
Erlotinib,0,,all,PLIN3,0.0006685183016736239,IntegratedGradients
Erlotinib,0,,all,ANXA9,0.0006002511972064323,IntegratedGradients
Erlotinib,0,,all,TRAT1,0.0004101788234538132,IntegratedGradients
Erlotinib,0,,all,S1PR4,0.000328062333303789,IntegratedGradients
Erlotinib,0,,all,USH1C,0.0003036989594491564,IntegratedGradients
Erlotinib,0,,all,CTDSPL,0.0003866338589573918,IntegratedGradients
Erlotinib,0,,all,IER3,0.00042234821607457004,IntegratedGradients
Erlotinib,0,,all,PLEKHG3,0.00032334846084382116,IntegratedGradients
Erlotinib,0,,all,LCP1,0.0007934732876447828,IntegratedGradients
Erlotinib,0,,all,CYB561,0.0005032855152181093,IntegratedGradients
Erlotinib,0,,all,SEMA3C,0.0005720091509974533,IntegratedGradients
Erlotinib,0,,all,LMO2,0.000305029061821875,IntegratedGradients
Erlotinib,0,,all,LPP,0.00021351729839686354,IntegratedGradients
Erlotinib,0,,all,GPRC5D,0.00012951174514949746,IntegratedGradients
Erlotinib,0,,all,MAPT,0.0002539241969347886,IntegratedGradients
Erlotinib,0,,all,MRAS,0.0011227833896651795,IntegratedGradients
Erlotinib,0,,all,HES1,0.0003091405014848394,IntegratedGradients
Erlotinib,0,,all,ZBTB38,0.0003052418305493675,IntegratedGradients
Erlotinib,0,,all,MFSD12,0.0005044806296671895,IntegratedGradients
Erlotinib,0,,all,SYNC,0.0005651949980252551,IntegratedGradients
Erlotinib,0,,all,ADORA2B,0.0011503014062424057,IntegratedGradients
Erlotinib,0,,all,RIPOR2,0.00026221461242072886,IntegratedGradients
Erlotinib,0,,all,BCAM,0.0003168835183434722,IntegratedGradients
Erlotinib,0,,all,ADIRF,0.0005621636931889805,IntegratedGradients
Erlotinib,0,,all,NQO1,0.0003921793119369138,IntegratedGradients
Erlotinib,0,,all,FAP,0.0005638245673698037,IntegratedGradients
Erlotinib,0,,all,P2RY2,0.001538051651218054,IntegratedGradients
Erlotinib,0,,all,EVPL,0.0012747153234965592,IntegratedGradients
Erlotinib,0,,all,BATF,0.0005793228331333546,IntegratedGradients
Erlotinib,0,,all,ID1,0.0003263431255245678,IntegratedGradients
Erlotinib,0,,all,CELF2,0.0005390112047695135,IntegratedGradients
Erlotinib,0,,all,STX2,0.00018787170220733746,IntegratedGradients
Erlotinib,0,,all,STK4,0.00023482927197758145,IntegratedGradients
Erlotinib,0,,all,CST6,0.001594557207486991,IntegratedGradients
Erlotinib,0,,all,RMND5A,0.0004930773542011872,IntegratedGradients
Erlotinib,0,,all,TBC1D16,0.00040772857893750476,IntegratedGradients
Erlotinib,0,,all,TMPRSS2,0.0001519651860189455,IntegratedGradients
Erlotinib,0,,all,NFIX,0.0003236587925281238,IntegratedGradients
Erlotinib,0,,all,SH3YL1,0.0009413181189677528,IntegratedGradients
Erlotinib,0,,all,TRMT9B,0.00027309183239733123,IntegratedGradients
Erlotinib,0,,all,SGCB,0.0001580541386505173,IntegratedGradients
Erlotinib,0,,all,CSRP2,0.0004676514537135547,IntegratedGradients
Erlotinib,0,,all,PCBD1,0.0009217176792749399,IntegratedGradients
Erlotinib,0,,all,NCS1,0.0011517619280565217,IntegratedGradients
Erlotinib,0,,all,CDC42BPB,0.0009698497930832186,IntegratedGradients
Erlotinib,0,,all,TUBB2A,0.000511362000252376,IntegratedGradients
Erlotinib,0,,all,AHNAK2,0.0005195853412301816,IntegratedGradients
Erlotinib,0,,all,NUP210,0.00034303773515228646,IntegratedGradients
Erlotinib,0,,all,FRK,0.0010681711101698825,IntegratedGradients
Erlotinib,0,,all,FN1,0.00040825564985673266,IntegratedGradients
Erlotinib,0,,all,EFEMP1,0.0010352253075384412,IntegratedGradients
Erlotinib,0,,all,ALDH3B2,0.00024018536700412313,IntegratedGradients
Erlotinib,0,,all,ELK3,0.00030962980809317876,IntegratedGradients
Erlotinib,0,,all,GNAQ,0.0007761263172971685,IntegratedGradients
Erlotinib,0,,all,COL18A1,0.0009372608663190211,IntegratedGradients
Erlotinib,0,,all,GPA33,0.00022273639899130868,IntegratedGradients
Erlotinib,0,,all,VCL,0.0003319924770196378,IntegratedGradients
Erlotinib,0,,all,SNAP91,0.0008288603746418665,IntegratedGradients
Erlotinib,0,,all,N4BP2L1,0.0002234088818508635,IntegratedGradients
Erlotinib,0,,all,MYO5A,0.00035993485945739914,IntegratedGradients
Erlotinib,0,,all,DOCK10,0.0005765294665379524,IntegratedGradients
Erlotinib,0,,all,GRAP2,0.0002561738208137291,IntegratedGradients
Erlotinib,0,,all,CD79B,0.00023501124961471467,IntegratedGradients
Erlotinib,0,,all,BTG2,0.0009861113180992273,IntegratedGradients
Erlotinib,0,,all,MRC2,0.0005505359982553917,IntegratedGradients
Erlotinib,0,,all,MT2A,0.0002512409751470092,IntegratedGradients
Erlotinib,0,,all,BCL2A1,0.0002897173628312445,IntegratedGradients
Erlotinib,0,,all,TMC6,0.0008046786980450761,IntegratedGradients
Erlotinib,0,,all,KRT13,0.0001544358781692815,IntegratedGradients
Erlotinib,0,,all,HTRA1,0.0003789344669123366,IntegratedGradients
Erlotinib,0,,all,TEAD3,0.0002451182070291283,IntegratedGradients
Erlotinib,0,,all,MLC1,0.0001623162943787634,IntegratedGradients
Erlotinib,0,,all,TIMP1,0.0007390460680349347,IntegratedGradients
Erlotinib,0,,all,PLEKHG6,0.0008225935217300415,IntegratedGradients
Erlotinib,0,,all,TCF7L2,0.00027127021074788713,IntegratedGradients
Erlotinib,0,,all,NTM,0.00038477307271722415,IntegratedGradients
Erlotinib,0,,all,CD44,0.0001751500793115566,IntegratedGradients
Erlotinib,0,,all,P2RY10,0.00014799348196901105,IntegratedGradients
Erlotinib,0,,all,GIPC1,0.00031514735654181197,IntegratedGradients
Erlotinib,0,,all,CTSV,0.0016835292711014644,IntegratedGradients
Erlotinib,0,,all,KIF5C,0.00025857931192011733,IntegratedGradients
Erlotinib,0,,all,CTSE,0.0001671449015295584,IntegratedGradients
Erlotinib,0,,all,AICDA,0.0001601721615114711,IntegratedGradients
Erlotinib,0,,all,TFR2,0.00019016331597005717,IntegratedGradients
Erlotinib,0,,all,AKAP1,0.0006997706941515978,IntegratedGradients
Erlotinib,0,,all,SRGN,0.0004036729004529448,IntegratedGradients
Erlotinib,0,,all,RHOF,0.001238452697497327,IntegratedGradients
Erlotinib,0,,all,DSG2,0.0006938137286367537,IntegratedGradients
Erlotinib,0,,all,FGF2,0.0002630635898190967,IntegratedGradients
Erlotinib,0,,all,FGD6,0.00041809264224695636,IntegratedGradients
Erlotinib,0,,all,BCL2,0.00026865298071232724,IntegratedGradients
Erlotinib,0,,all,GRTP1,0.0008450510411728826,IntegratedGradients
Erlotinib,0,,all,BMP1,0.0005317967278459538,IntegratedGradients
Erlotinib,0,,all,LYPD3,0.0007443695780401342,IntegratedGradients
Erlotinib,0,,all,UBASH3A,0.0002133180013150795,IntegratedGradients
Erlotinib,0,,all,ARL14,0.0006544943246148745,IntegratedGradients
Erlotinib,0,,all,NLRP3,0.00027507715637621084,IntegratedGradients
Erlotinib,0,,all,SGK2,0.0007390553371833506,IntegratedGradients
Erlotinib,0,,all,FOSL2,0.0005077974978481524,IntegratedGradients
Erlotinib,0,,all,PROCR,0.0002884970617868568,IntegratedGradients
Erlotinib,0,,all,APP,0.00028539062784068526,IntegratedGradients
Erlotinib,0,,all,CDH11,0.00042418357679767073,IntegratedGradients
Erlotinib,0,,all,TRIM2,0.00022577258333409664,IntegratedGradients
Erlotinib,0,,all,DSC2,0.0006677021376333328,IntegratedGradients
Erlotinib,0,,all,RASSF2,0.0011735687176225472,IntegratedGradients
Erlotinib,0,,all,KCNAB2,0.00028299338828293986,IntegratedGradients
Erlotinib,0,,all,MGAT4A,0.00024586402239624896,IntegratedGradients
Erlotinib,0,,all,TRAM2,0.00024164910594885147,IntegratedGradients
Erlotinib,0,,all,RAB11FIP5,0.000362117910473243,IntegratedGradients
Erlotinib,0,,all,QKI,0.0007116302789890112,IntegratedGradients
Erlotinib,0,,all,EDNRB,0.00017892176990805744,IntegratedGradients
Erlotinib,0,,all,ZBTB32,0.00014222708854738308,IntegratedGradients
Erlotinib,0,,all,ALDH1A3,0.0007527549182305111,IntegratedGradients
Erlotinib,0,,all,PRDM1,0.00023346912521062294,IntegratedGradients
Erlotinib,0,,all,HOOK2,0.0004978262454473762,IntegratedGradients
Erlotinib,0,,all,BCAS4,0.0003256989728851591,IntegratedGradients
Erlotinib,0,,all,HSPB6,0.00012710869464629832,IntegratedGradients
Erlotinib,0,,all,LHFPL6,0.0002190296015435051,IntegratedGradients
Erlotinib,0,,all,KIAA0040,0.00022176955905799442,IntegratedGradients
Erlotinib,0,,all,FLT3,0.0002389711332317232,IntegratedGradients
Erlotinib,0,,all,RGS13,0.0006554555783692548,IntegratedGradients
Erlotinib,0,,all,MYO6,0.0003630513242291728,IntegratedGradients
Erlotinib,0,,all,NR0B2,0.0003950458948178995,IntegratedGradients
Erlotinib,0,,all,FAT1,0.00048715326033745265,IntegratedGradients
Erlotinib,0,,all,ARSJ,0.00056354200421746,IntegratedGradients
Erlotinib,0,,all,TNS3,0.0005984317098087405,IntegratedGradients
Erlotinib,0,,all,LDLRAD4,0.00023112436659216773,IntegratedGradients
Erlotinib,0,,all,PALLD,0.0002622290173347904,IntegratedGradients
Erlotinib,0,,all,RECK,0.0005269719555988577,IntegratedGradients
Erlotinib,0,,all,CSRNP3,0.0003209969274592751,IntegratedGradients
Erlotinib,0,,all,PLPP2,0.0002572402463494966,IntegratedGradients
Erlotinib,0,,all,NFATC3,0.000373615715156164,IntegratedGradients
Erlotinib,0,,all,TOX3,0.000715755734722987,IntegratedGradients
Erlotinib,0,,all,KNG1,9.71064850670783e-05,IntegratedGradients
Erlotinib,0,,all,C14orf132,0.00075780302079311,IntegratedGradients
Erlotinib,0,,all,SELENBP1,0.0003073872487361093,IntegratedGradients
Erlotinib,0,,all,EVL,0.00039436252457817196,IntegratedGradients
Erlotinib,0,,all,LTBR,0.00035809566789126227,IntegratedGradients
Erlotinib,0,,all,RBPMS,0.00044977687230271605,IntegratedGradients
Erlotinib,0,,all,ASGR2,0.0002241514099824152,IntegratedGradients
Erlotinib,0,,all,AFTPH,0.00041166576543209083,IntegratedGradients
Erlotinib,0,,all,SP140,0.0003703630384278478,IntegratedGradients
Erlotinib,0,,all,CD59,0.0004555237577136256,IntegratedGradients
Erlotinib,0,,all,ITGB2,0.00030453172847966724,IntegratedGradients
Erlotinib,0,,all,STXBP2,0.0004391917560292158,IntegratedGradients
Erlotinib,0,,all,APLP1,0.00039049814278604815,IntegratedGradients
Erlotinib,0,,all,APOH,0.0003202828286821516,IntegratedGradients
Erlotinib,0,,all,COL5A2,0.00026732081163567125,IntegratedGradients
Erlotinib,0,,all,TAL1,0.00013128308425451593,IntegratedGradients
Erlotinib,0,,all,RAB32,0.00024647090210227373,IntegratedGradients
Erlotinib,0,,all,LIMA1,0.0005017670357762272,IntegratedGradients
Erlotinib,0,,all,TIMP3,0.0011178904144151477,IntegratedGradients
Erlotinib,0,,all,UGCG,0.0009098413450960674,IntegratedGradients
Erlotinib,0,,all,SPATS2L,0.00048334388043814883,IntegratedGradients
Erlotinib,0,,all,AHR,0.00023472667523678683,IntegratedGradients
Erlotinib,0,,all,COBL,0.00029464859853949786,IntegratedGradients
Erlotinib,0,,all,PTPN3,0.0012873344114340975,IntegratedGradients
Erlotinib,0,,all,PTGES,0.0003992774109275713,IntegratedGradients
Erlotinib,0,,all,PLCL2,0.0006398261375799591,IntegratedGradients
Erlotinib,0,,all,FOXA2,0.0007611882941583902,IntegratedGradients
Erlotinib,0,,all,CD9,0.00040011775827116213,IntegratedGradients
Erlotinib,0,,all,BDNF,0.0006813097441057327,IntegratedGradients
Erlotinib,0,,all,SERPINH1,0.00032817192684976874,IntegratedGradients
Erlotinib,0,,all,ARHGAP29,0.0007859556742393006,IntegratedGradients
Erlotinib,0,,all,CREB3L1,0.000845563840607178,IntegratedGradients
Erlotinib,0,,all,RAB31,0.0002277312682589762,IntegratedGradients
Erlotinib,0,,all,LUM,0.00030801437926218834,IntegratedGradients
Erlotinib,0,,all,LRRC49,0.00125518653197345,IntegratedGradients
Erlotinib,0,,all,YES1,0.0007285328486944353,IntegratedGradients
Erlotinib,0,,all,TNFAIP8,0.0008811367504644731,IntegratedGradients
Erlotinib,0,,all,ZYX,0.00035521985292669806,IntegratedGradients
Erlotinib,0,,all,CEBPD,0.000502279445940171,IntegratedGradients
Erlotinib,0,,all,LY96,0.0016632286906507064,IntegratedGradients
Erlotinib,0,,all,GLI3,0.0004024496828552609,IntegratedGradients
Erlotinib,0,,all,SPR,0.00080004029675516,IntegratedGradients
Erlotinib,0,,all,PLOD3,0.0005209287860347788,IntegratedGradients
Erlotinib,0,,all,LGMN,0.00016841953344253282,IntegratedGradients
Erlotinib,0,,all,ADGRG1,0.0007126204694367982,IntegratedGradients
Erlotinib,0,,all,ELAVL1,0.0005093000613129773,IntegratedGradients
Erlotinib,0,,all,TRIM15,0.0002496410867317263,IntegratedGradients
Erlotinib,0,,all,CTSS,0.00045952867551701316,IntegratedGradients
Erlotinib,0,,all,TBC1D30,0.0018679809003517814,IntegratedGradients
Erlotinib,0,,all,ENG,0.0003742787871817017,IntegratedGradients
Erlotinib,0,,all,IL16,0.00036716100312497154,IntegratedGradients
Erlotinib,0,,all,ADAMTS2,0.0004811848052750096,IntegratedGradients
Erlotinib,0,,all,REL,0.00030168888906300983,IntegratedGradients
Erlotinib,0,,all,RAB23,0.0007513823614020298,IntegratedGradients
Erlotinib,0,,all,CD33,0.0005420408133284806,IntegratedGradients
Erlotinib,0,,all,THY1,0.00025742638831324495,IntegratedGradients
Erlotinib,0,,all,LRRC8E,0.0005188793207049746,IntegratedGradients
Erlotinib,0,,all,CDK5R1,0.0005652031783010018,IntegratedGradients
Erlotinib,0,,all,PTPN12,0.00041837800196808874,IntegratedGradients
Erlotinib,0,,all,GAB1,0.0008564754213549673,IntegratedGradients
Erlotinib,0,,all,DENND4A,0.0008777839891293658,IntegratedGradients
Erlotinib,0,,all,CITED1,0.0006072703050047576,IntegratedGradients
Erlotinib,0,,all,RPS6KA1,0.0007847284532670424,IntegratedGradients
Erlotinib,0,,all,TFAP2C,0.000493066910146345,IntegratedGradients
Erlotinib,0,,all,IL7R,0.00048402074233394815,IntegratedGradients
Erlotinib,0,,all,CDH13,0.0004265879247820494,IntegratedGradients
Erlotinib,0,,all,ERG,0.00018452193228150364,IntegratedGradients
Erlotinib,0,,all,IL2RB,0.0003316346339794607,IntegratedGradients
Erlotinib,0,,all,PLEC,0.0003293358249526882,IntegratedGradients
Erlotinib,0,,all,SLC44A4,0.0008219213436935763,IntegratedGradients
Erlotinib,0,,all,KLK6,0.0003522268405695778,IntegratedGradients
Erlotinib,0,,all,BCL11B,0.0006403407071732654,IntegratedGradients
Erlotinib,0,,all,PXN,0.0002939677812101875,IntegratedGradients
Erlotinib,0,,all,ATOX1,0.00024946548781543956,IntegratedGradients
Erlotinib,0,,all,NRP1,0.0006680934840185177,IntegratedGradients
Erlotinib,0,,all,LOXL1,0.00045417117734896316,IntegratedGradients
Erlotinib,0,,all,MID1,0.0003317434716579734,IntegratedGradients
Erlotinib,0,,all,C1S,0.000521348006282877,IntegratedGradients
Erlotinib,0,,all,GNAO1,0.0006682912183491294,IntegratedGradients
Erlotinib,0,,all,SERPINB1,0.0002831407455767735,IntegratedGradients
Erlotinib,0,,all,CD1E,0.0001823407273545363,IntegratedGradients
Erlotinib,0,,all,IL20RA,0.0003888945559856606,IntegratedGradients
Erlotinib,0,,all,PDZK1IP1,0.0005464616339123626,IntegratedGradients
Erlotinib,0,,all,IMPG2,0.0004769047781155145,IntegratedGradients
Erlotinib,0,,all,HLA-DOA,0.00028206227145646253,IntegratedGradients
Erlotinib,0,,all,GFPT2,0.0007934509676194737,IntegratedGradients
Erlotinib,0,,all,DSE,0.0009549819876683854,IntegratedGradients
Erlotinib,0,,all,FMNL1,0.0002579153594225234,IntegratedGradients
Erlotinib,0,,all,IGFBP7,0.00020139328904760021,IntegratedGradients
Erlotinib,0,,all,PIP4K2C,0.0012091090063009102,IntegratedGradients
Erlotinib,0,,all,WASL,0.0008725893157964297,IntegratedGradients
Erlotinib,0,,all,PTTG1IP,0.00021636212028029687,IntegratedGradients
Erlotinib,0,,all,RAB33A,0.00021112518894120697,IntegratedGradients
Erlotinib,0,,all,LRP12,0.0012063973430098474,IntegratedGradients
Erlotinib,0,,all,FUT1,0.0004494192092313409,IntegratedGradients
Erlotinib,0,,all,KCNK12,0.00014159464238610174,IntegratedGradients
Erlotinib,0,,all,TBX2,0.00035222968375161627,IntegratedGradients
Erlotinib,0,,all,DTX4,0.0005099413740262667,IntegratedGradients
Erlotinib,0,,all,DKK1,0.0006883300508648031,IntegratedGradients
Erlotinib,0,,all,TRIM22,0.0003239403111398468,IntegratedGradients
Erlotinib,0,,all,HSD11B2,0.00023497827189779781,IntegratedGradients
Erlotinib,0,,all,PRRG4,0.0001858388253097805,IntegratedGradients
Erlotinib,0,,all,CISH,0.0002567223415994018,IntegratedGradients
Erlotinib,0,,all,AGAP1,0.0007203387131164153,IntegratedGradients
Erlotinib,0,,all,CXCL2,0.0008837816829115399,IntegratedGradients
Erlotinib,0,,all,RXRG,0.0003105022054352542,IntegratedGradients
Erlotinib,0,,all,VCAN,0.0006498555236007762,IntegratedGradients
Erlotinib,0,,all,GPR39,0.0011606246514478317,IntegratedGradients
Erlotinib,0,,all,FGD2,0.0002298248913879109,IntegratedGradients
Erlotinib,0,,all,SOX17,0.0007613739773764884,IntegratedGradients
Erlotinib,0,,all,DNAJC22,0.0004453313024341833,IntegratedGradients
Erlotinib,0,,all,KCNK1,0.0012104166826495087,IntegratedGradients
Erlotinib,0,,all,CAMK2N1,0.0004249894202922029,IntegratedGradients
Erlotinib,0,,all,SLC27A2,0.0007424888495818174,IntegratedGradients
Erlotinib,0,,all,SH2D4A,0.0002223890164747043,IntegratedGradients
Erlotinib,0,,all,FCMR,0.000497994697513091,IntegratedGradients
Erlotinib,0,,all,SCGB2A2,0.00017484337822117264,IntegratedGradients
Erlotinib,0,,all,SEMA4D,0.0004452447170779698,IntegratedGradients
Erlotinib,0,,all,SERPINE2,0.0008449132346736789,IntegratedGradients
Erlotinib,0,,all,EMILIN1,0.0005231324817909028,IntegratedGradients
Erlotinib,0,,all,CSTA,0.0006472073967965689,IntegratedGradients
Erlotinib,0,,all,NR1H4,0.0004323350608242718,IntegratedGradients
Erlotinib,0,,all,TAF4B,0.0005975182776178236,IntegratedGradients
Erlotinib,0,,all,FAM117A,0.0004156759012804408,IntegratedGradients
Erlotinib,0,,all,BMERB1,0.0006858193748651745,IntegratedGradients
Erlotinib,0,,all,SDC3,0.00023166562522229853,IntegratedGradients
Erlotinib,0,,all,YPEL1,0.0007856695368939266,IntegratedGradients
Erlotinib,0,,all,CPQ,0.000493449647857799,IntegratedGradients
Erlotinib,0,,all,RPIA,0.0003962228090344515,IntegratedGradients
Erlotinib,0,,all,TPBG,0.0004915933735730679,IntegratedGradients
Erlotinib,0,,all,CAPN1,0.0005357770685834311,IntegratedGradients
Erlotinib,0,,all,GLT8D2,0.00019200428657730105,IntegratedGradients
Erlotinib,0,,all,CEACAM6,0.0006036304644705553,IntegratedGradients
Erlotinib,0,,all,FBLN5,0.00021086412692715,IntegratedGradients
Erlotinib,0,,all,HNF1A,0.0002893270521437012,IntegratedGradients
Erlotinib,0,,all,HLA-DOB,0.00048166958702864265,IntegratedGradients
Erlotinib,0,,all,SIDT1,0.0005248390690896984,IntegratedGradients
Erlotinib,0,,all,ARHGEF28,0.0005480454126623706,IntegratedGradients
Erlotinib,0,,all,YIPF5,0.0003605118775417042,IntegratedGradients
Erlotinib,0,,all,RHBDF1,0.0008244862651010714,IntegratedGradients
Erlotinib,0,,all,CAMSAP2,0.0006770867937302367,IntegratedGradients
Erlotinib,0,,all,DCX,0.00011933483298967957,IntegratedGradients
Erlotinib,0,,all,P2RX1,0.00023711443807001174,IntegratedGradients
Erlotinib,0,,all,SCEL,0.0005576990893359666,IntegratedGradients
Erlotinib,0,,all,P2RX7,0.0008246592061285982,IntegratedGradients
Erlotinib,0,,all,GCH1,0.0002904258974637598,IntegratedGradients
Erlotinib,0,,all,DENND5A,0.00038051958754371426,IntegratedGradients
Erlotinib,0,,all,TRIM38,0.00046955581303310647,IntegratedGradients
Erlotinib,0,,all,CD93,0.00019952585635439697,IntegratedGradients
Erlotinib,0,,all,DYNLT1,0.00019555154580640647,IntegratedGradients
Erlotinib,0,,all,ADAMTS1,0.000229931472791891,IntegratedGradients
Erlotinib,0,,all,RET,0.00033130298976966353,IntegratedGradients
Erlotinib,0,,all,GZMB,0.00024947852525433463,IntegratedGradients
Erlotinib,0,,all,CELSR2,0.0010654807329596348,IntegratedGradients
Erlotinib,0,,all,PARP1,0.0002786195146762245,IntegratedGradients
Erlotinib,0,,all,SMURF2,0.00036595388719708335,IntegratedGradients
Erlotinib,0,,all,CRTAP,0.0004570647708362149,IntegratedGradients
Erlotinib,0,,all,FHL1,0.0003382703823838321,IntegratedGradients
Erlotinib,0,,all,PIK3C2B,0.0005161273239638656,IntegratedGradients
Erlotinib,0,,all,KRT15,0.0002262893022676853,IntegratedGradients
Erlotinib,0,,all,ADAM22,0.0005058677489573972,IntegratedGradients
Erlotinib,0,,all,GRAMD2B,0.00031102388094089776,IntegratedGradients
Erlotinib,0,,all,KCNJ16,0.0003844156526429274,IntegratedGradients
Erlotinib,0,,all,GULP1,0.0010521340178941516,IntegratedGradients
Erlotinib,0,,all,SACS,0.0006753119478842053,IntegratedGradients
Erlotinib,0,,all,KCNQ1,0.0011116798627812939,IntegratedGradients
Erlotinib,0,,all,EMP2,0.0006023697227187225,IntegratedGradients
Erlotinib,0,,all,ZBP1,0.00017390015625274682,IntegratedGradients
Erlotinib,0,,all,NR2F2,0.0002635934137641221,IntegratedGradients
Erlotinib,0,,all,RNASE6,0.00028462265382806786,IntegratedGradients
Erlotinib,0,,all,ST3GAL6,0.0004920264132603904,IntegratedGradients
Erlotinib,0,,all,NACC2,0.0007428983606922214,IntegratedGradients
Erlotinib,0,,all,SERPINB6,0.0003388046906889495,IntegratedGradients
Erlotinib,0,,all,TNFRSF14,0.00042609450400707513,IntegratedGradients
Erlotinib,0,,all,RASSF7,0.000476630280424514,IntegratedGradients
Erlotinib,0,,all,ARID3A,0.0009863196568104106,IntegratedGradients
Erlotinib,0,,all,CASP8,0.00031580177178373614,IntegratedGradients
Erlotinib,0,,all,ITPKB,0.000542150556681777,IntegratedGradients
Erlotinib,0,,all,COL6A3,0.00034523986648953345,IntegratedGradients
Erlotinib,0,,all,CTSB,0.00037863970864948084,IntegratedGradients
Erlotinib,0,,all,STMN2,0.00023289103837784012,IntegratedGradients
Erlotinib,0,,all,MYO1A,0.0005328765667829608,IntegratedGradients
Erlotinib,0,,all,HKDC1,0.00168119747394659,IntegratedGradients
Erlotinib,0,,all,GATA6,0.00044738889807856286,IntegratedGradients
Erlotinib,0,,all,SOX13,0.0006318087526851202,IntegratedGradients
Erlotinib,0,,all,HACD1,0.000429029743107553,IntegratedGradients
Erlotinib,0,,all,GCNT3,0.0003192285325770042,IntegratedGradients
Erlotinib,0,,all,FRAT2,0.0003314520394220856,IntegratedGradients
Erlotinib,0,,all,COL5A3,0.00024582743967154787,IntegratedGradients
Erlotinib,0,,all,MSN,0.0002706415497043419,IntegratedGradients
Erlotinib,0,,all,PDGFRA,0.0006446698495611894,IntegratedGradients
Erlotinib,0,,all,JAKMIP2,0.0006531767358231406,IntegratedGradients
Erlotinib,0,,all,TEAD4,0.0005407182831851058,IntegratedGradients
Erlotinib,0,,all,S100A1,0.0001783425912942518,IntegratedGradients
Erlotinib,0,,all,TAGLN3,0.00018737235412027075,IntegratedGradients
Erlotinib,0,,all,SH3TC2,0.0003415610454526158,IntegratedGradients
Erlotinib,0,,all,CTCF,0.00029242227630466353,IntegratedGradients
Erlotinib,0,,all,COQ8A,0.00027182034814337945,IntegratedGradients
Erlotinib,0,,all,SRPX2,0.0011775805957677601,IntegratedGradients
Erlotinib,0,,all,IL15RA,0.00028721049714624614,IntegratedGradients
Erlotinib,0,,all,TTR,0.0003564192057733209,IntegratedGradients
Erlotinib,0,,all,AQP3,0.0003262056640874033,IntegratedGradients
Erlotinib,0,,all,STAR,0.000286628619648662,IntegratedGradients
Erlotinib,0,,all,ESR2,0.0004880348685281129,IntegratedGradients
Erlotinib,0,,all,TMEM131L,0.000916600934874843,IntegratedGradients
Erlotinib,0,,all,RTN4,0.000569446635069034,IntegratedGradients
Erlotinib,0,,all,CHD7,0.00036796956282389675,IntegratedGradients
Erlotinib,0,,all,AFF2,0.0003628312552625077,IntegratedGradients
Erlotinib,0,,all,EXT1,0.0006365266495994335,IntegratedGradients
Erlotinib,0,,all,ADAM12,0.000607992551413849,IntegratedGradients
Erlotinib,0,,all,DOCK1,0.0004779115848321657,IntegratedGradients
Erlotinib,0,,all,HEBP1,0.00020453703906827165,IntegratedGradients
Erlotinib,0,,all,TSEN34,0.00026256335113646837,IntegratedGradients
Erlotinib,0,,all,TNFRSF21,0.00020166771241587292,IntegratedGradients
Erlotinib,0,,all,LGALS3BP,0.00031601050347131204,IntegratedGradients
Erlotinib,0,,all,MCC,0.0004947194007910091,IntegratedGradients
Erlotinib,0,,all,TUBA1A,0.0005459266857719058,IntegratedGradients
Erlotinib,0,,all,COX7A1,0.00011516560023348172,IntegratedGradients
Erlotinib,0,,all,UNC13A,0.0007582949284612419,IntegratedGradients
Erlotinib,0,,all,CAMK4,0.00041344094341596265,IntegratedGradients
Erlotinib,0,,all,POSTN,0.00019285485697624825,IntegratedGradients
Erlotinib,0,,all,RHOQ,0.0008187779212838975,IntegratedGradients
Erlotinib,0,,all,FBXL7,0.0006746591492286739,IntegratedGradients
Erlotinib,0,,all,FSCN1,0.0008400281792394468,IntegratedGradients
Erlotinib,0,,all,ADCYAP1R1,0.0002166959559050924,IntegratedGradients
Erlotinib,0,,all,DCK,0.000487388078399976,IntegratedGradients
Erlotinib,0,,all,RNF138,0.0002554747357169791,IntegratedGradients
Erlotinib,0,,all,TGFA,0.0003898590585492133,IntegratedGradients
Erlotinib,0,,all,MDM4,0.0006589375488162879,IntegratedGradients
Erlotinib,0,,all,TCEAL9,0.000998792855038678,IntegratedGradients
Erlotinib,0,,all,IL1A,0.0005336889797212791,IntegratedGradients
Erlotinib,0,,all,MYO10,0.0007043023528428455,IntegratedGradients
Erlotinib,0,,all,GADD45B,0.0005420126732314539,IntegratedGradients
Erlotinib,0,,all,PIMREG,0.0004958406284670091,IntegratedGradients
Erlotinib,0,,all,MYO1E,0.00036268835132750545,IntegratedGradients
Erlotinib,0,,all,MAP3K9,0.0005491445875230982,IntegratedGradients
Erlotinib,0,,all,EMP1,0.0002562442193015116,IntegratedGradients
Erlotinib,0,,all,LAT2,0.0001980845794592498,IntegratedGradients
Erlotinib,0,,all,FEZ2,0.00027147015531295304,IntegratedGradients
Erlotinib,0,,all,FGF18,0.00025166678310021114,IntegratedGradients
Erlotinib,0,,all,AFAP1,0.0013846123548861093,IntegratedGradients
Erlotinib,0,,all,SEMA4A,0.0004502063389061836,IntegratedGradients
Erlotinib,0,,all,PAM,0.0005780651554283887,IntegratedGradients
Erlotinib,0,,all,CDC42EP1,0.0006218826674669258,IntegratedGradients
Erlotinib,0,,all,CDC42EP3,0.00030438968537307054,IntegratedGradients
Erlotinib,0,,all,TNK1,0.00040331268292282665,IntegratedGradients
Erlotinib,0,,all,CSN3,0.00021721482829384982,IntegratedGradients
Erlotinib,0,,all,IL4R,0.00032560994488306196,IntegratedGradients
Erlotinib,0,,all,IL1RAP,0.0005159291956833358,IntegratedGradients
Erlotinib,0,,all,SASH1,0.00030047859822148317,IntegratedGradients
Erlotinib,0,,all,ELL2,0.0002545901082383235,IntegratedGradients
Erlotinib,0,,all,EBI3,0.000386514639419803,IntegratedGradients
Erlotinib,0,,all,PTX3,0.00026111369430604516,IntegratedGradients
Erlotinib,0,,all,GAP43,0.00044206579819537433,IntegratedGradients
Erlotinib,0,,all,BLM,0.0011301893455865268,IntegratedGradients
Erlotinib,0,,all,ECM1,0.000606847149947116,IntegratedGradients
Erlotinib,0,,all,BCL11A,0.00047109237175047344,IntegratedGradients
Erlotinib,0,,all,PLEKHO1,0.0002318494011857858,IntegratedGradients
Erlotinib,0,,all,GABRB3,0.00047899072473169663,IntegratedGradients
Erlotinib,0,,all,RUBCNL,0.0005456488100786256,IntegratedGradients
Erlotinib,0,,all,WLS,0.0002710816473798854,IntegratedGradients
Erlotinib,0,,all,PCBP4,0.00019006448703910044,IntegratedGradients
Erlotinib,0,,all,BLVRB,0.0002141711918272768,IntegratedGradients
Erlotinib,0,,all,SMPD1,0.00021935484505000336,IntegratedGradients
Erlotinib,0,,all,CCDC68,0.0007925405650544723,IntegratedGradients
Erlotinib,0,,all,S100A9,0.0006433545843177631,IntegratedGradients
Erlotinib,0,,all,PLPPR4,0.00028268192322869115,IntegratedGradients
Erlotinib,0,,all,ABLIM3,0.002055846063512993,IntegratedGradients
Erlotinib,0,,all,TNS4,0.00028779639218191226,IntegratedGradients
Erlotinib,0,,all,CARD8,0.0007591443467526479,IntegratedGradients
Erlotinib,0,,all,DCP2,0.00032310842109790883,IntegratedGradients
Erlotinib,0,,all,SNX24,0.0004421938409649169,IntegratedGradients
Erlotinib,0,,all,COL1A2,0.0003984535508101751,IntegratedGradients
Erlotinib,0,,all,MGAT4B,0.00046963128814024574,IntegratedGradients
Erlotinib,0,,all,ETS2,0.0003376159841944114,IntegratedGradients
Erlotinib,0,,all,SLC22A4,0.000734802733511932,IntegratedGradients
Erlotinib,0,,all,ATP8A1,0.0004429366369835431,IntegratedGradients
Erlotinib,0,,all,RIPK4,0.0005654636824958984,IntegratedGradients
Erlotinib,0,,all,JAM3,0.0004947538602812239,IntegratedGradients
Erlotinib,0,,all,CHN1,0.0003858524757524627,IntegratedGradients
Erlotinib,0,,all,PTN,0.000387358515395193,IntegratedGradients
Erlotinib,0,,all,UROD,0.00034126698886439186,IntegratedGradients
Erlotinib,0,,all,LRRC2,0.00015797951637459482,IntegratedGradients
Erlotinib,0,,all,MCM6,0.0002491775376866259,IntegratedGradients
Erlotinib,0,,all,PBX1,0.0003013884574526909,IntegratedGradients
Erlotinib,0,,all,STAP2,0.000944079536742503,IntegratedGradients
Erlotinib,0,,all,SCARB2,0.0006294377813111372,IntegratedGradients
Erlotinib,0,,all,CTNNA1,0.0007590675214983977,IntegratedGradients
Erlotinib,0,,all,ST3GAL2,0.0007797963198952251,IntegratedGradients
Erlotinib,0,,all,FAM216A,0.000262238866422722,IntegratedGradients
Erlotinib,0,,all,WDFY3,0.0003360328377975062,IntegratedGradients
Erlotinib,0,,all,RPARP-AS1,0.00045572673858996343,IntegratedGradients
Erlotinib,0,,all,SLC16A5,0.0002966262690033369,IntegratedGradients
Erlotinib,0,,all,DSC3,0.000301366511392952,IntegratedGradients
Erlotinib,0,,all,S100A11P1,0.00028371974375121143,IntegratedGradients
Erlotinib,0,,all,ABHD18,0.0002836651709972603,IntegratedGradients
Erlotinib,0,,all,LYN,0.0003473726049851883,IntegratedGradients
Erlotinib,0,,all,NACAD,0.00024789905588525556,IntegratedGradients
Erlotinib,0,,all,GYPB,0.00016769607084439578,IntegratedGradients
Erlotinib,0,,all,EDEM1,0.0005241425974412725,IntegratedGradients
Erlotinib,0,,all,AFF3,0.0006408288498768608,IntegratedGradients
Erlotinib,0,,all,MEAK7,0.000296658814490268,IntegratedGradients
Erlotinib,0,,all,GAL3ST1,0.0005280071593317179,IntegratedGradients
Erlotinib,0,,all,APOE,0.00022721696682396155,IntegratedGradients
Erlotinib,0,,all,BNC2,0.0006412583616223628,IntegratedGradients
Erlotinib,0,,all,TESC,0.0002384201628256679,IntegratedGradients
Erlotinib,0,,all,KRT14,0.001157842909558877,IntegratedGradients
Erlotinib,0,,all,ATP9A,0.0002732499329068247,IntegratedGradients
Erlotinib,0,,all,ANK2,0.0009003807026894843,IntegratedGradients
Erlotinib,0,,all,CCDC88A,0.0002963948967116004,IntegratedGradients
Erlotinib,0,,all,HNF4G,0.0007671511519226482,IntegratedGradients
Erlotinib,0,,all,HLA-DPB1,0.00029032465682669737,IntegratedGradients
Erlotinib,0,,all,RUSC2,0.0005112448588163,IntegratedGradients
Erlotinib,0,,all,DST,0.0011029120933973393,IntegratedGradients
Erlotinib,0,,all,ARNTL2,0.0006039153823189036,IntegratedGradients
Erlotinib,0,,all,PRR36,0.0004582295008495625,IntegratedGradients
Erlotinib,0,,all,CXCR5,0.0007418384192248886,IntegratedGradients
Erlotinib,0,,all,FXYD5,0.0004805250239891085,IntegratedGradients
Erlotinib,0,,all,DENND2B,0.00023007022808225702,IntegratedGradients
Erlotinib,0,,all,ALDH3B1,0.0008593289572635596,IntegratedGradients
Erlotinib,0,,all,ZNF185,0.0009833098451483484,IntegratedGradients
Erlotinib,0,,all,PLXNC1,0.0003894220221305509,IntegratedGradients
Erlotinib,0,,all,CTSA,0.0003521738586185507,IntegratedGradients
Erlotinib,0,,all,SCNN1A,0.0008527310334413372,IntegratedGradients
Erlotinib,0,,all,FAM163A,0.0004151103769801472,IntegratedGradients
Erlotinib,0,,all,PTPRZ1,0.0007970315447642659,IntegratedGradients
Erlotinib,0,,all,WNT7A,0.00020040020129025824,IntegratedGradients
Erlotinib,0,,all,GAS1,0.0003272172228441658,IntegratedGradients
Erlotinib,0,,all,SIRPA,0.000593907450344196,IntegratedGradients
Erlotinib,0,,all,DUSP3,0.0005929385117698268,IntegratedGradients
Erlotinib,0,,all,FABP1,0.00022328358651794737,IntegratedGradients
Erlotinib,0,,all,CNN1,0.0003714030913982261,IntegratedGradients
Erlotinib,0,,all,MREG,0.0002890960563411047,IntegratedGradients
Erlotinib,0,,all,LDB2,0.00018980859325905996,IntegratedGradients
Erlotinib,0,,all,CNTNAP1,0.00043459201392845174,IntegratedGradients
Erlotinib,0,,all,TAPT1,0.00047645530766162364,IntegratedGradients
Erlotinib,0,,all,SCG2,0.00037062457452634523,IntegratedGradients
Erlotinib,0,,all,MAP1A,0.0003761893689525764,IntegratedGradients
Erlotinib,0,,all,GLS2,0.001552302689537921,IntegratedGradients
Erlotinib,0,,all,POU3F2,0.0009249814736294076,IntegratedGradients
Erlotinib,0,,all,PASK,0.00030630428675041424,IntegratedGradients
Erlotinib,0,,all,SQOR,0.0010724276807055728,IntegratedGradients
Erlotinib,0,,all,RBM38,0.00028106941887930684,IntegratedGradients
Erlotinib,0,,all,APOBR,0.0010640836383445768,IntegratedGradients
Erlotinib,0,,all,KLF4,0.0003042734433368111,IntegratedGradients
Erlotinib,0,,all,ANO1,0.00044823855516274444,IntegratedGradients
Erlotinib,0,,all,CRYAB,0.0005128147857941745,IntegratedGradients
Erlotinib,0,,all,BTBD3,0.00021495215221626403,IntegratedGradients
Erlotinib,0,,all,VGLL3,0.0002869065113471648,IntegratedGradients
Erlotinib,0,,all,CLEC11A,0.00020085271444448153,IntegratedGradients
Erlotinib,0,,all,RNF11,0.00044346037480987727,IntegratedGradients
Erlotinib,0,,all,GJA1,0.0004786108974498053,IntegratedGradients
Erlotinib,0,,all,CPE,0.0006287587289438761,IntegratedGradients
Erlotinib,0,,all,PIP4K2A,0.000711453078567958,IntegratedGradients
Erlotinib,0,,all,CYFIP1,0.0004036944256297961,IntegratedGradients
Erlotinib,0,,all,NRXN1,0.00033058595853627563,IntegratedGradients
Erlotinib,0,,all,PLOD1,0.0003178299672738742,IntegratedGradients
Erlotinib,0,,all,SV2A,0.0014716658454223051,IntegratedGradients
Erlotinib,0,,all,LRP1,0.0001964723365943949,IntegratedGradients
Erlotinib,0,,all,PRKCD,0.00031012442968900215,IntegratedGradients
Erlotinib,0,,all,NUAK2,0.0003429147178719371,IntegratedGradients
Erlotinib,0,,all,MCM2,0.0003118882430344488,IntegratedGradients
Erlotinib,0,,all,FCER1G,0.0003601868680673328,IntegratedGradients
Erlotinib,0,,all,SLAMF7,0.0003561404411719988,IntegratedGradients
Erlotinib,0,,all,CAST,0.0008176389968590776,IntegratedGradients
Erlotinib,0,,all,ICAM4,0.000310560630190795,IntegratedGradients
Erlotinib,0,,all,KCNB2,0.00036084415267536343,IntegratedGradients
Erlotinib,0,,all,SLC6A2,0.00015935283460758395,IntegratedGradients
Erlotinib,0,,all,ZMYM1,0.00034342763454580326,IntegratedGradients
Erlotinib,0,,all,ARF4,0.0006123934651137919,IntegratedGradients
Erlotinib,0,,all,AMIGO2,0.00029993162745734896,IntegratedGradients
Erlotinib,0,,all,LIF,0.00029942527627030636,IntegratedGradients
Erlotinib,0,,all,CD46,0.0007114922334568751,IntegratedGradients
Erlotinib,0,,all,ACSM3,0.000967130731320454,IntegratedGradients
Erlotinib,0,,all,TMEM184B,0.0006924949704138481,IntegratedGradients
Erlotinib,0,,all,TNIP1,0.0007229119775393252,IntegratedGradients
Erlotinib,0,,all,ANO10,0.0006837758496980237,IntegratedGradients
Erlotinib,0,,all,DHX32,0.00016647568608885356,IntegratedGradients
Erlotinib,0,,all,WSB2,0.00023764512982023763,IntegratedGradients
Erlotinib,0,,all,EML1,0.0003548115694331278,IntegratedGradients
Erlotinib,0,,all,IGFBP3,0.000841800430858587,IntegratedGradients
Erlotinib,0,,all,P3H2,0.0002507966908713021,IntegratedGradients
Erlotinib,0,,all,DLG3,0.000548543286266494,IntegratedGradients
Erlotinib,0,,all,KLHL23,0.0008865018250763176,IntegratedGradients
Erlotinib,0,,all,TRO,0.00030518925299965994,IntegratedGradients
Erlotinib,0,,all,PCYOX1,0.0004254934978899918,IntegratedGradients
Erlotinib,0,,all,VNN2,0.00017702243551870217,IntegratedGradients
Erlotinib,0,,all,LBR,0.00042062185044108245,IntegratedGradients
Erlotinib,0,,all,SFXN3,0.0003936138431965696,IntegratedGradients
Erlotinib,0,,all,NET1,0.00038332440122908565,IntegratedGradients
Erlotinib,0,,all,ITM2A,0.000283597127526034,IntegratedGradients
Erlotinib,0,,all,CXXC1,0.0014589097122438956,IntegratedGradients
Erlotinib,0,,all,RAB3B,0.0003742671726959293,IntegratedGradients
Erlotinib,0,,all,VMP1,0.0006523459925985666,IntegratedGradients
Erlotinib,0,,all,STAT5B,0.0004651625975620099,IntegratedGradients
Erlotinib,0,,all,TNFAIP6,0.00027170348391437877,IntegratedGradients
Erlotinib,0,,all,AMPD1,0.00031530001364795377,IntegratedGradients
Erlotinib,0,,all,BCL7A,0.000523234191104504,IntegratedGradients
Erlotinib,0,,all,RASAL2,0.00036919033296772065,IntegratedGradients
Erlotinib,0,,all,GBE1,0.00027193976936321757,IntegratedGradients
Erlotinib,0,,all,MAPRE2,0.0007049188725261745,IntegratedGradients
Erlotinib,0,,all,RGS17,0.000424404721962975,IntegratedGradients
Erlotinib,0,,all,FLNB,0.00038689665774615503,IntegratedGradients
Erlotinib,0,,all,CD6,0.00045297941023908587,IntegratedGradients
Erlotinib,0,,all,TGM2,0.0004710328477703415,IntegratedGradients
Erlotinib,0,,all,ARMCX1,0.0009261953659465319,IntegratedGradients
Erlotinib,0,,all,GTF2IRD1,0.0007266176532130481,IntegratedGradients
Erlotinib,0,,all,TNFAIP2,0.00038356422994732976,IntegratedGradients
Erlotinib,0,,all,CEMIP,0.00026052728960761234,IntegratedGradients
Erlotinib,0,,all,SYNM,0.0005286802272318612,IntegratedGradients
Erlotinib,0,,all,MAP7D1,0.0005436358238916846,IntegratedGradients
Erlotinib,0,,all,MPZ,0.0001988851962578164,IntegratedGradients
Erlotinib,0,,all,SMAD3,0.00043138038771084567,IntegratedGradients
Erlotinib,0,,all,MMP14,0.0009483946721238248,IntegratedGradients
Erlotinib,0,,all,LYST,0.0009430360524128815,IntegratedGradients
Erlotinib,0,,all,PKP1,0.0002783490883986598,IntegratedGradients
Erlotinib,0,,all,ANP32A,0.0007069321085357175,IntegratedGradients
Erlotinib,0,,all,LIMS2,0.000425846008864201,IntegratedGradients
Erlotinib,0,,all,PPFIBP2,0.0005728246138254794,IntegratedGradients
Erlotinib,0,,all,ZNF217,0.0006482168883011824,IntegratedGradients
Erlotinib,0,,all,MECOM,0.0008999218214044512,IntegratedGradients
Erlotinib,0,,all,SLCO5A1,0.00034162006089859265,IntegratedGradients
Erlotinib,0,,all,PRKCQ,0.0008939093658896581,IntegratedGradients
Erlotinib,0,,all,ATP10B,0.0005085749113008146,IntegratedGradients
Erlotinib,0,,all,SALL2,0.0004359649603076951,IntegratedGradients
Erlotinib,0,,all,TFAP2A,0.0003306536778339947,IntegratedGradients
Erlotinib,0,,all,LRP5,0.00032291714771974934,IntegratedGradients
Erlotinib,0,,all,PIEZO1,0.000772170646274758,IntegratedGradients
Erlotinib,0,,all,ALDH3A2,0.00030811904752545426,IntegratedGradients
Erlotinib,0,,all,GNPDA1,0.00035082376146490664,IntegratedGradients
Erlotinib,0,,all,TGFBR2,0.0005884918764652966,IntegratedGradients
Erlotinib,0,,all,PYGL,0.0002511667534966605,IntegratedGradients
Erlotinib,0,,all,GNG11,0.0003209706393293926,IntegratedGradients
Erlotinib,0,,all,DUSP26,0.00047336450744811493,IntegratedGradients
Erlotinib,0,,all,COTL1,0.0011424921363877409,IntegratedGradients
Erlotinib,0,,all,SLIT3,0.00018562271607999812,IntegratedGradients
Erlotinib,0,,all,AEBP1,0.00038988665481583744,IntegratedGradients
Erlotinib,0,,all,INPP5B,0.0003885443088814485,IntegratedGradients
Erlotinib,0,,all,SYN2,0.0002528789433414013,IntegratedGradients
Erlotinib,0,,all,KLF3,0.00031033034738124133,IntegratedGradients
Erlotinib,0,,all,LRRC1,0.00017786542820294034,IntegratedGradients
Erlotinib,0,,all,NAV3,0.0003107229412815942,IntegratedGradients
Erlotinib,0,,all,GUCY2C,0.0001701041897488844,IntegratedGradients
Erlotinib,0,,all,PIK3R5,0.00011116892683392129,IntegratedGradients
Erlotinib,0,,all,CDR2L,0.000419128351355749,IntegratedGradients
Erlotinib,0,,all,FZD2,0.0003251536258849424,IntegratedGradients
Erlotinib,0,,all,ST6GAL1,0.00020772711906603397,IntegratedGradients
Erlotinib,0,,all,LPAR1,0.0014592677327847979,IntegratedGradients
Erlotinib,0,,all,CMAHP,0.000422987215386168,IntegratedGradients
Erlotinib,0,,all,XDH,0.0015808453361367486,IntegratedGradients
Erlotinib,0,,all,DRAM1,0.0002989716681919333,IntegratedGradients
Erlotinib,0,,all,ATP6V0E1,0.0006904012500271218,IntegratedGradients
Erlotinib,0,,all,KIF1C,0.0008918432313014883,IntegratedGradients
Erlotinib,0,,all,LAMP2,0.0013113845076416339,IntegratedGradients
Erlotinib,0,,all,IRF5,0.0005306747302396964,IntegratedGradients
Erlotinib,0,,all,HLX,0.0011363489533121362,IntegratedGradients
Erlotinib,0,,all,ERBB2,0.00046737453688932597,IntegratedGradients
Erlotinib,0,,all,EAF2,0.0006198053984663262,IntegratedGradients
Erlotinib,0,,all,RUNX3,0.0003472256555617892,IntegratedGradients
Erlotinib,0,,all,MYO15B,0.0010426974189805022,IntegratedGradients
Erlotinib,0,,all,AOPEP,0.0004612792367623619,IntegratedGradients
Erlotinib,0,,all,MYT1,0.00033833624573440657,IntegratedGradients
Erlotinib,0,,all,DZIP1,0.00046447765693587184,IntegratedGradients
Erlotinib,0,,all,NECTIN3,0.0005729563458019579,IntegratedGradients
Erlotinib,0,,all,ANK1,0.0003046316908321304,IntegratedGradients
Erlotinib,0,,all,DENND3,0.00026750713542672766,IntegratedGradients
Erlotinib,0,,all,TTC9,0.0009468884938169697,IntegratedGradients
Erlotinib,0,,all,PAWR,0.00016165473749976978,IntegratedGradients
Erlotinib,0,,all,STXBP5L,0.0002646567613432092,IntegratedGradients
Erlotinib,0,,all,CACNA1D,0.0006965295942661189,IntegratedGradients
Erlotinib,0,,all,FGFR4,0.00015793203775321324,IntegratedGradients
Erlotinib,0,,all,ANXA5,0.0002564957257338376,IntegratedGradients
Erlotinib,0,,all,BNC1,0.0005756792538378621,IntegratedGradients
Erlotinib,0,,all,VAMP3,0.0006690128964127432,IntegratedGradients
Erlotinib,0,,all,SLC34A2,0.0007099252631745381,IntegratedGradients
Erlotinib,0,,all,MARC1,0.0015394517274299037,IntegratedGradients
Erlotinib,0,,all,NOTCH2,0.000682456804527334,IntegratedGradients
Erlotinib,0,,all,JAG1,0.001161849915268461,IntegratedGradients
Erlotinib,0,,all,ITGB6,0.00030301940520412483,IntegratedGradients
Erlotinib,0,,all,IRF1,0.00046569787538518935,IntegratedGradients
Erlotinib,0,,all,SCARF1,0.0001897642019689722,IntegratedGradients
Erlotinib,0,,all,TAGLN,0.000667171141252367,IntegratedGradients
Erlotinib,0,,all,CPSF6,0.0008154845489466708,IntegratedGradients
Erlotinib,0,,all,AOC1,0.00018932240769608126,IntegratedGradients
Erlotinib,0,,all,NBEAL2,0.00028589103939203854,IntegratedGradients
Erlotinib,0,,all,TENT5A,0.0006885456719190611,IntegratedGradients
Erlotinib,0,,all,PRELP,0.00012611039573140448,IntegratedGradients
Erlotinib,0,,all,HSPB7,0.00023723030139844004,IntegratedGradients
Erlotinib,0,,all,GATA2,0.0008623823289701717,IntegratedGradients
Erlotinib,0,,all,ITPKC,0.0007452304172879443,IntegratedGradients
Erlotinib,0,,all,MARK1,0.00046994250760448004,IntegratedGradients
Erlotinib,0,,all,TNFRSF13B,0.00021172608885520555,IntegratedGradients
Erlotinib,0,,all,EFHD1,0.0005836094889474989,IntegratedGradients
Erlotinib,0,,all,DLG5,0.00034526167531936073,IntegratedGradients
Erlotinib,0,,all,PRSS16,0.0002967326563263693,IntegratedGradients
Erlotinib,0,,all,STEAP1,0.000722699470085401,IntegratedGradients
Erlotinib,0,,all,PLXNB2,0.0005898712728828081,IntegratedGradients
Erlotinib,0,,all,TRAC,0.0004817413058552951,IntegratedGradients
Erlotinib,0,,all,MFAP4,0.00021651839155180196,IntegratedGradients
Erlotinib,0,,all,GDF15,0.0004605366762976867,IntegratedGradients
Erlotinib,0,,all,LUZP1,0.0005326015145682872,IntegratedGradients
Erlotinib,0,,all,MAFF,0.0005187373957006617,IntegratedGradients
Erlotinib,0,,all,COL8A1,0.0001997133845575226,IntegratedGradients
Erlotinib,0,,all,CXXC4,0.0003190888994770589,IntegratedGradients
Erlotinib,0,,all,CD248,0.0005558371888717593,IntegratedGradients
Erlotinib,0,,all,TMEM63A,0.0003150998663051673,IntegratedGradients
Erlotinib,0,,all,ALDH3A1,0.0006725952445182364,IntegratedGradients
Erlotinib,0,,all,STK17B,0.000528905628324279,IntegratedGradients
Erlotinib,0,,all,TMEM45A,0.0006121552250992916,IntegratedGradients
Erlotinib,0,,all,CD180,0.00022819116394755647,IntegratedGradients
Erlotinib,0,,all,MARCKS,0.00023874527613686853,IntegratedGradients
Erlotinib,0,,all,NMI,0.0009894831626808473,IntegratedGradients
Erlotinib,0,,all,SYNE3,0.000395204193568633,IntegratedGradients
Erlotinib,0,,all,MCHR1,0.000847049265379356,IntegratedGradients
Erlotinib,0,,all,RBMS1,0.00036423172935948987,IntegratedGradients
Erlotinib,0,,all,SLC4A8,0.00027005775715241605,IntegratedGradients
Erlotinib,0,,all,SPOCK1,0.0004009761523672713,IntegratedGradients
Erlotinib,0,,all,FSD1,0.0007231270320740902,IntegratedGradients
Erlotinib,0,,all,RNF128,0.0006913968459570584,IntegratedGradients
Erlotinib,0,,all,FGA,0.00014000993703544622,IntegratedGradients
Erlotinib,0,,all,KCNE4,0.0008599711186662469,IntegratedGradients
Erlotinib,0,,all,BGN,0.00034511321860919946,IntegratedGradients
Erlotinib,0,,all,MICAL1,0.0014515212049463276,IntegratedGradients
Erlotinib,0,,all,RAB11FIP1,0.000502264104359264,IntegratedGradients
Erlotinib,0,,all,TAF5,0.00030529963709635075,IntegratedGradients
Erlotinib,0,,all,RNASEH2B,0.00043191842305792115,IntegratedGradients
Erlotinib,0,,all,NFATC1,0.0003662070703523769,IntegratedGradients
Erlotinib,0,,all,DPYSL3,0.0012103783204884708,IntegratedGradients
Erlotinib,0,,all,TFEB,0.00021015516162638216,IntegratedGradients
Erlotinib,0,,all,MED28,0.0008099613099580118,IntegratedGradients
Erlotinib,0,,all,MCFD2,0.0008691281638806657,IntegratedGradients
Erlotinib,0,,all,TNFRSF1B,0.00042709365121049744,IntegratedGradients
Erlotinib,0,,all,ARAP2,0.00031681401954082,IntegratedGradients
Erlotinib,0,,all,RYK,0.00032793669856408654,IntegratedGradients
Erlotinib,0,,all,CPB2,0.0001974202588576917,IntegratedGradients
Erlotinib,0,,all,LTBP2,0.0004688034950443467,IntegratedGradients
Erlotinib,0,,all,FLNA,0.00033894109749955936,IntegratedGradients
Erlotinib,0,,all,MCM3,0.00020646852444371327,IntegratedGradients
Erlotinib,0,,all,ELN,0.00023336406045004987,IntegratedGradients
Erlotinib,0,,all,RGS20,0.0014440928925362117,IntegratedGradients
Erlotinib,0,,all,CEMIP2,0.000634473886194532,IntegratedGradients
Erlotinib,0,,all,GOLGA2P5,0.0005218147178367458,IntegratedGradients
Erlotinib,0,,all,CAVIN3,0.0003894968439496312,IntegratedGradients
Erlotinib,0,,all,MCCC2,0.000321508580695689,IntegratedGradients
Erlotinib,0,,all,TACC2,0.0008887632119361349,IntegratedGradients
Erlotinib,0,,all,KLK10,0.0005319470803078733,IntegratedGradients
Erlotinib,0,,all,GPNMB,0.00030669422328486286,IntegratedGradients
Erlotinib,0,,all,PMEPA1,0.0003995738587627528,IntegratedGradients
Erlotinib,0,,all,KCNH6,0.0005592111392224794,IntegratedGradients
Erlotinib,0,,all,RRBP1,0.00036906665262275275,IntegratedGradients
Erlotinib,0,,all,VRK1,0.0005558185738795648,IntegratedGradients
Erlotinib,0,,all,GAPDHS,0.0006003442374190282,IntegratedGradients
Erlotinib,0,,all,DOK1,0.0005065986940267572,IntegratedGradients
Erlotinib,0,,all,OSBPL10,0.0007241608274664016,IntegratedGradients
Erlotinib,0,,all,SLC9A3R1,0.00035981872400128463,IntegratedGradients
Erlotinib,0,,all,TOR4A,0.0007167708897621964,IntegratedGradients
Erlotinib,0,,all,VILL,0.0008705767186384056,IntegratedGradients
Erlotinib,0,,all,SMPDL3B,0.0005358397199821912,IntegratedGradients
Erlotinib,0,,all,EPB41L4B,0.0010327168050432588,IntegratedGradients
Erlotinib,0,,all,UPB1,0.0008563941009433467,IntegratedGradients
Erlotinib,0,,all,MBNL1,0.0003003610417688111,IntegratedGradients
Erlotinib,0,,all,CYTH3,0.00041102369953518005,IntegratedGradients
Erlotinib,0,,all,CLEC5A,0.0001579648623249192,IntegratedGradients
Erlotinib,0,,all,BEX3,0.00036770881034054815,IntegratedGradients
Erlotinib,0,,all,UBE2J1,0.000307152022921831,IntegratedGradients
Erlotinib,0,,all,DLC1,0.0004725237976884686,IntegratedGradients
Erlotinib,0,,all,ECM2,0.00027883721379055746,IntegratedGradients
Erlotinib,0,,all,RTN1,0.0006112075365419802,IntegratedGradients
Erlotinib,0,,all,DCC,0.00015578424774267358,IntegratedGradients
Erlotinib,0,,all,TCF7,0.00038211465914086653,IntegratedGradients
Erlotinib,0,,all,ACTC1,0.000730279006877224,IntegratedGradients
Erlotinib,0,,all,PLXNB1,0.00025032595094633223,IntegratedGradients
Erlotinib,0,,all,EDIL3,0.0006576156189194822,IntegratedGradients
Erlotinib,0,,all,DACT1,0.0004482481867674563,IntegratedGradients
Erlotinib,0,,all,PRLR,0.00033070401592106923,IntegratedGradients
Erlotinib,0,,all,CDX1,0.00024406427952679543,IntegratedGradients
Erlotinib,0,,all,ADRB2,0.00029385328845286707,IntegratedGradients
Erlotinib,0,,all,CYSLTR1,0.00022475477440532678,IntegratedGradients
Erlotinib,0,,all,ZFP36L1,0.0006038232716681572,IntegratedGradients
Erlotinib,0,,all,CEP170B,0.00023374195045692113,IntegratedGradients
Erlotinib,0,,all,EPB41L1,0.00029450389668175765,IntegratedGradients
Erlotinib,0,,all,MR1,0.00047262701561278205,IntegratedGradients
Erlotinib,0,,all,COL16A1,0.0005072807363062978,IntegratedGradients
Erlotinib,0,,all,GNAI1,0.00023768016936806516,IntegratedGradients
Erlotinib,0,,all,FGFR1,0.0005392461126031448,IntegratedGradients
Erlotinib,0,,all,FRAT1,0.0003735000476692774,IntegratedGradients
Erlotinib,0,,all,ESR1,0.0006258560444249718,IntegratedGradients
Erlotinib,0,,all,FBXO41,0.00029134633843008186,IntegratedGradients
Erlotinib,0,,all,TFPI2,0.00041742903049916366,IntegratedGradients
Erlotinib,0,,all,PPM1E,0.00043175826970445535,IntegratedGradients
Erlotinib,0,,all,FGF5,0.000206752203867652,IntegratedGradients
Erlotinib,0,,all,ERN1,0.0007910062704832725,IntegratedGradients
Erlotinib,0,,all,RREB1,0.000302503737770992,IntegratedGradients
Erlotinib,0,,all,MBNL3,0.0006731023889686015,IntegratedGradients
Erlotinib,0,,all,CA12,0.00030937960703589327,IntegratedGradients
Erlotinib,0,,all,IRF4,0.00010034652469766596,IntegratedGradients
Erlotinib,0,,all,CD53,0.00034743082163268645,IntegratedGradients
Erlotinib,0,,all,CD19,0.00023422564789117825,IntegratedGradients
Erlotinib,0,,all,SASH3,0.0002086928340496803,IntegratedGradients
Erlotinib,0,,all,S100B,0.00016151475963613923,IntegratedGradients
Erlotinib,0,,all,AMOTL2,0.0005882465454861629,IntegratedGradients
Erlotinib,0,,all,CD37,0.0002844798143329266,IntegratedGradients
Erlotinib,0,,all,GMFG,0.00029637717935619375,IntegratedGradients
Erlotinib,0,,all,TCL1A,0.0005685229366425145,IntegratedGradients
Erlotinib,0,,all,SPI1,0.0003949416316174037,IntegratedGradients
Erlotinib,0,,all,TNFRSF12A,0.00019682721085739185,IntegratedGradients
Erlotinib,0,,all,ESRP1,0.0004470300821719912,IntegratedGradients
Erlotinib,0,,all,MYOF,0.0008153691137615725,IntegratedGradients
Erlotinib,0,,all,PTPRC,0.00019945282381062055,IntegratedGradients
Erlotinib,0,,all,ESRP2,0.00022061725688705147,IntegratedGradients
Erlotinib,0,,all,CD79A,0.00040073255442731927,IntegratedGradients
Erlotinib,0,,all,GATA1,0.00018782924825147667,IntegratedGradients
Erlotinib,0,,all,PLP1,0.00033762726259371187,IntegratedGradients
Erlotinib,0,,all,TYR,7.249398767417683e-05,IntegratedGradients
Erlotinib,0,,all,NCKAP1L,0.00026192967004790176,IntegratedGradients
Erlotinib,0,,all,RAB25,0.0006032047283912188,IntegratedGradients
Erlotinib,0,,all,NCKAP1,0.00033230932986047913,IntegratedGradients
Erlotinib,0,,all,TJP1,0.0001807266892308372,IntegratedGradients
Erlotinib,0,,all,MAP4K1,0.00036229846040666553,IntegratedGradients
Erlotinib,0,,all,IKZF3,0.000385182676219613,IntegratedGradients
Erlotinib,0,,all,EPS8L3,0.00014309720613081678,IntegratedGradients
Erlotinib,0,,all,LYL1,0.00012681269389631136,IntegratedGradients
Erlotinib,0,,all,SLC45A2,0.00012697592876007165,IntegratedGradients
Erlotinib,0,,all,EPCAM,0.00027589680181196375,IntegratedGradients
Erlotinib,0,,all,CDS1,0.0005097150050249117,IntegratedGradients
Erlotinib,0,,all,SPINT1,0.00022405878765207314,IntegratedGradients
Erlotinib,0,,all,LRMP,0.00030904012882634804,IntegratedGradients
Erlotinib,0,,all,ST14,0.000320319731489166,IntegratedGradients
Erlotinib,0,,all,EPHA2,0.00022837660083768025,IntegratedGradients
Erlotinib,0,,all,NCF4,0.0004824242549016418,IntegratedGradients
Erlotinib,0,,all,IRF6,0.00031272525973631045,IntegratedGradients
Erlotinib,0,,all,RHAG,9.928832446728698e-05,IntegratedGradients
Erlotinib,0,,all,S100A14,0.000196855363431463,IntegratedGradients
Erlotinib,0,,all,PRSS8,0.0007701877260360112,IntegratedGradients
Erlotinib,0,,all,EPN3,0.0003394857355024635,IntegratedGradients
Erlotinib,0,,all,ARHGAP15,0.0002475860463933,IntegratedGradients
Erlotinib,0,,all,PTPN7,0.00024808356668633096,IntegratedGradients
Erlotinib,0,,all,PMEL,0.00021535883507223155,IntegratedGradients
Erlotinib,0,,all,OVOL2,0.0007799534346922543,IntegratedGradients
Erlotinib,0,,all,CORO1A,0.0006170264519870758,IntegratedGradients
Erlotinib,0,,all,MS4A1,0.00013578836412974857,IntegratedGradients
Erlotinib,0,,all,SCG3,0.00028522423505005103,IntegratedGradients
Erlotinib,0,,all,CDH1,0.00018126769479756989,IntegratedGradients
Erlotinib,0,,all,C1orf116,0.0002307258207928604,IntegratedGradients
Erlotinib,0,,all,ALAS2,0.000169989589742414,IntegratedGradients
Erlotinib,0,,all,RNASE2,0.00011457528462145476,IntegratedGradients
Erlotinib,0,,all,TMEM30B,0.00024713704121546054,IntegratedGradients
Erlotinib,0,,all,PKP3,0.0014095107469567888,IntegratedGradients
Erlotinib,0,,all,PIK3CG,0.00020836123587814862,IntegratedGradients
Erlotinib,0,,all,INPP5D,0.00016125352495377086,IntegratedGradients
Erlotinib,0,,all,PLEK,0.00011733641002760624,IntegratedGradients
Erlotinib,0,,all,ACTL6B,0.0003298622473569707,IntegratedGradients
Erlotinib,0,,all,DCT,0.00011072949090367125,IntegratedGradients
Erlotinib,0,,all,CAVIN1,0.00026721978162143974,IntegratedGradients
Erlotinib,0,,all,JCHAIN,0.00017462195938199406,IntegratedGradients
Erlotinib,0,,all,CPN1,0.00012124068353767203,IntegratedGradients
Erlotinib,0,,all,MISP,0.0002639970197776675,IntegratedGradients
Erlotinib,0,,all,WAS,0.00017062030644530388,IntegratedGradients
Erlotinib,0,,all,ACAP1,0.0002591404080077805,IntegratedGradients
Erlotinib,0,,all,RUNDC3A,0.00019470305291374528,IntegratedGradients
Erlotinib,0,,all,CDK5R2,0.00012477486460723674,IntegratedGradients
Erlotinib,0,,all,CD72,0.00015716474075576145,IntegratedGradients
Erlotinib,0,,all,STAP1,0.00017935567658915058,IntegratedGradients
Erlotinib,0,,all,CD48,0.00015779248296167559,IntegratedGradients
Erlotinib,0,,all,HAND2-AS1,0.00016395966542889653,IntegratedGradients
Erlotinib,0,,all,CSF3R,0.0003997066762621869,IntegratedGradients
Erlotinib,0,,all,MFNG,0.0003012993398349523,IntegratedGradients
Erlotinib,0,,all,TRAF3IP3,0.00035560579639983567,IntegratedGradients
Erlotinib,0,,all,CD22,0.001006075563563782,IntegratedGradients
Erlotinib,0,,all,DENND1C,0.00042634883822789324,IntegratedGradients
Erlotinib,0,,all,CTSG,0.00011609455722878588,IntegratedGradients
Erlotinib,0,,all,CAV2,0.00041746453693854526,IntegratedGradients
Erlotinib,0,,all,CD3G,0.00011330927476534555,IntegratedGradients
Erlotinib,0,,all,MIR5195,0.0002225111811701272,IntegratedGradients
Erlotinib,0,,all,CRIM1,0.00031981127020094385,IntegratedGradients
Erlotinib,0,,all,PTPN14,0.00032132364651017654,IntegratedGradients
Erlotinib,0,,all,CDH17,0.0003138107639092404,IntegratedGradients
Erlotinib,0,,all,PATJ,0.000245706150066273,IntegratedGradients
Erlotinib,0,,all,TRPM1,0.00012691908728564605,IntegratedGradients
Erlotinib,0,,all,CHGB,0.0001811163567616561,IntegratedGradients
Erlotinib,0,,all,BLK,0.0002231556706362749,IntegratedGradients
Erlotinib,0,,all,HBG2,0.00047755576201070725,IntegratedGradients
Erlotinib,0,,all,DOK3,0.0002889777111848532,IntegratedGradients
Erlotinib,0,,all,ITGA2B,0.00034610677942099145,IntegratedGradients
Erlotinib,0,,all,KRT5,0.00018420619590540392,IntegratedGradients
Erlotinib,0,,all,AIF1,0.00028551356088876777,IntegratedGradients
Erlotinib,0,,all,GYPA,8.270569153671601e-05,IntegratedGradients
Erlotinib,0,,all,SOWAHC,0.00027553729241143834,IntegratedGradients
Erlotinib,0,,all,ELAVL4,0.0002423952444638835,IntegratedGradients
Erlotinib,0,,all,ANXA2,0.00040884649954545923,IntegratedGradients
Erlotinib,0,,all,RAG1,0.00034148283211011795,IntegratedGradients
Erlotinib,0,,all,HAND2,0.00018227445016579663,IntegratedGradients
Erlotinib,0,,all,PRTN3,0.00024764429703714243,IntegratedGradients
Erlotinib,0,,all,ITIH2,0.0001486909097176758,IntegratedGradients
Erlotinib,0,,all,COL6A1,0.0002790687307459371,IntegratedGradients
Erlotinib,0,,all,AHSG,0.000103819009572696,IntegratedGradients
Erlotinib,0,,all,ANKRD40CL,0.00047372557929501976,IntegratedGradients
Erlotinib,0,,all,MMP8,0.0003153458785547763,IntegratedGradients
Erlotinib,0,,all,CD27,0.00023855463367350414,IntegratedGradients
Erlotinib,0,,all,EVI2A,0.0003888158171540149,IntegratedGradients
Erlotinib,0,,all,RNASE3,0.00018697861347463472,IntegratedGradients
Erlotinib,0,,all,ELANE,0.0005268158164266194,IntegratedGradients
Erlotinib,0,,all,HLA-DRA,0.0002884786426123863,IntegratedGradients
Erlotinib,0,,all,APOC3,0.00031137583082605424,IntegratedGradients
Erlotinib,0,,all,HLA-DPA1,0.0004241735272269186,IntegratedGradients
Erlotinib,0,,all,KEL,0.00013548257581195633,IntegratedGradients
Erlotinib,0,,all,APOA2,9.289126995479283e-05,IntegratedGradients
Erlotinib,0,,all,RTL8A,0.0002937337008356548,IntegratedGradients
Erlotinib,0,,all,FCRL2,9.405141668074431e-05,IntegratedGradients
Erlotinib,0,,all,IL17RB,0.0002791283405580784,IntegratedGradients
Erlotinib,0,,all,CD1A,0.0002164272638362116,IntegratedGradients
Erlotinib,0,,all,EPB42,0.0008767345540115385,IntegratedGradients
Erlotinib,0,,all,COL4A2,0.0002490833268306011,IntegratedGradients
Erlotinib,0,,all,HBBP1,8.878563626085872e-05,IntegratedGradients
Erlotinib,0,,all,C1R,0.0008874130596213973,IntegratedGradients
Erlotinib,0,,all,KRT6C,0.00026492159146323916,IntegratedGradients
Erlotinib,0,,all,GYPE,0.0004578905625063983,IntegratedGradients
Erlotinib,0,,all,HLA-DRB1,0.00024199011944588334,IntegratedGradients
Erlotinib,0,,all,F2,0.000198307449044047,IntegratedGradients
Erlotinib,0,,all,S100A8,0.00043131541472017583,IntegratedGradients
